OrderID,CustomerID,CustomerName,Age,Gender,City,ProductID,Quantity,TotalAmount,PurchaseDate,PaymentMethod
ORD00001,C0214,Nguyễn Quốc Khoa,37,Nam,Hải Phòng,P10412,3,57000,2026-01-01,Ví điện tử
ORD00002,C0020,Trần Hữu Thành,18,Nam,Đà Nẵng,P18082,3,123000,2026-01-01,Thẻ ngân hàng
ORD00003,C0144,Bùi Thị Xuân,32,Nữ,TP. Hồ Chí Minh,P29620,1,194250,2026-01-01,Tiền mặt
ORD00004,C0253,Nguyễn Minh Huy,51,Nam,Hà Nội,P28349,1,110000,2026-01-02,COD
ORD00005,C0138,Nguyễn Mỹ Dương,27,Nữ,Cần Thơ,P25083,3,37500,2026-01-02,Tiền mặt
ORD00006,C0230,Lê Thị Vi,37,Nữ,TP. Hồ Chí Minh,P03250,4,102000,2026-01-02,Tiền mặt
ORD00007,C0057,Hoàng Minh Huy,22,Nam,TP. Hồ Chí Minh,P10808,4,540000,2026-01-02,Ví điện tử
ORD00008,C0002,Vũ Văn Quang,29,Nam,TP. Hồ Chí Minh,P07424,1,143650,2026-01-03,COD
ORD00009,C0193,Trần Quốc Tùng,32,Nam,Hải Phòng,P03720,1,75000,2026-01-03,COD
ORD00010,C0160,Trần Quốc Phúc,37,Nam,Hải Phòng,P08756,1,34000,2026-01-03,COD
ORD00011,C0250,Mai Quốc Tú,34,Nam,Đà Nẵng,P18083,3,138000,2026-01-03,COD
ORD00012,C0046,Nguyễn Quốc Quang,23,Nam,Hà Nội,P20092,1,57600,2026-01-03,Tiền mặt
ORD00013,C0101,Phạm Minh Khoa,18,Nam,TP. Hồ Chí Minh,P30793,1,54500,2026-01-04,Ví điện tử
ORD00014,C0214,Nguyễn Quốc Khoa,37,Nam,Hải Phòng,P12837,1,37000,2026-01-04,Ví điện tử
ORD00015,C0110,Phạm Mỹ Ngọc,29,Nữ,TP. Hồ Chí Minh,P10956,3,135000,2026-01-05,Ví điện tử
ORD00016,C0334,Hoàng Văn Quang,23,Nam,TP. Hồ Chí Minh,P18032,4,100000,2026-01-05,Thẻ ngân hàng
ORD00017,C0208,Nguyễn Quốc Tú,35,Nam,Cần Thơ,P03491,1,40000,2026-01-05,Ví điện tử
ORD00018,C0344,Hoàng Minh Nam,25,Nam,TP. Hồ Chí Minh,P04214,2,212000,2026-01-05,Tiền mặt
ORD00019,C0135,Dương Quốc Quang,21,Nam,Hải Phòng,P37400,1,156800,2026-01-07,Ví điện tử
ORD00020,C0068,Dương Hữu Minh,40,Nam,TP. Hồ Chí Minh,P27882,2,94000,2026-01-07,Ví điện tử
ORD00021,C0144,Bùi Thị Xuân,32,Nữ,TP. Hồ Chí Minh,P25083,4,50000,2026-01-07,Ví điện tử
ORD00022,C0214,Nguyễn Quốc Khoa,37,Nam,Hải Phòng,P11371,2,83720,2026-01-08,Ví điện tử
ORD00023,C0319,Lê Quốc Trung,33,Nam,Đà Nẵng,P29978,3,652500,2026-01-08,COD
ORD00024,C0345,Trần Quốc Huy,25,Nam,TP. Hồ Chí Minh,P07569,3,60000,2026-01-08,Ví điện tử
ORD00025,C0055,Mai Thị Vân,40,Nữ,Cần Thơ,P03296,1,21000,2026-01-08,COD
ORD00026,C0029,Hoàng Mỹ Mai,24,Nữ,Cần Thơ,P30705,1,62500,2026-01-08,COD
ORD00027,C0310,Mai Thị Chi,28,Nữ,Hải Phòng,P08734,3,324000,2026-01-08,Ví điện tử
ORD00028,C0193,Trần Quốc Tùng,32,Nam,Hải Phòng,OL00415,1,55000,2026-01-09,COD
ORD00029,C0030,Trần Thu Ngọc,27,Nữ,Hà Nội,P01144,1,74000,2026-01-10,COD
ORD00030,C0311,Phạm Ngọc Thảo,28,Nữ,Cần Thơ,P29595,2,36000,2026-01-10,COD
ORD00031,C0141,Phạm Ngọc Lan,32,Nữ,Đà Nẵng,P22880,3,456000,2026-01-10,COD
ORD00032,C0066,Trần Mỹ Hồng,44,Nữ,TP. Hồ Chí Minh,P06300,3,192000,2026-01-10,Tiền mặt
ORD00033,C0332,Bùi Hữu Tùng,21,Nam,Hà Nội,P28114,1,29000,2026-01-11,COD
ORD00034,C0343,Bùi Minh Nhiên,32,Nam,Hà Nội,P01267,1,56700,2026-01-11,Thẻ ngân hàng
ORD00035,C0156,Nguyễn Hữu Nhiên,23,Nam,Hà Nội,P24071,2,62000,2026-01-12,COD
ORD00036,C0337,Dương Quốc Nam,22,Nam,TP. Hồ Chí Minh,P22881,1,246500,2026-01-12,Tiền mặt
ORD00037,C0102,Bùi Ngọc Dương,26,Nữ,TP. Hồ Chí Minh,P14247,2,92000,2026-01-12,Thẻ ngân hàng
ORD00038,C0332,Bùi Hữu Tùng,21,Nam,Hà Nội,P01143,2,107100,2026-01-12,Thẻ ngân hàng
ORD00039,C0321,Bùi Mỹ Linh,31,Nữ,Cần Thơ,P17556,1,171000,2026-01-12,Ví điện tử
ORD00040,C0218,Phạm Mỹ Dương,28,Nữ,TP. Hồ Chí Minh,P30052,1,35000,2026-01-12,Tiền mặt
ORD00041,C0134,Lê Thu Thảo,35,Nữ,TP. Hồ Chí Minh,P08280,2,44000,2026-01-13,Ví điện tử
ORD00042,C0014,Vũ Quốc Nam,18,Nam,Hà Nội,P00326,3,54000,2026-01-13,Thẻ ngân hàng
ORD00043,C0045,Phạm Minh Dũng,18,Nam,Hà Nội,P28806,1,68000,2026-01-14,Tiền mặt
ORD00044,C0131,Phạm Hữu Trung,18,Nam,TP. Hồ Chí Minh,P37331,1,75650,2026-01-14,Ví điện tử
ORD00045,C0335,Dương Ngọc Mai,40,Nữ,Cần Thơ,P30967,4,100000,2026-01-14,COD
ORD00046,C0145,Nguyễn Quốc Phúc,33,Nam,TP. Hồ Chí Minh,P29618,1,195300,2026-01-14,Tiền mặt
ORD00047,C0127,Trần Minh Hưng,20,Nam,TP. Hồ Chí Minh,P17538,2,40000,2026-01-15,Ví điện tử
ORD00048,C0143,Dương Hữu Trung,18,Nam,Hà Nội,P14241,3,192000,2026-01-16,Thẻ ngân hàng
ORD00049,C0150,Dương Quốc Hoàng,33,Nam,Hà Nội,P18303,1,67000,2026-01-16,Ví điện tử
ORD00050,C0350,Phạm Quốc Bảo,28,Nam,TP. Hồ Chí Minh,P24705,1,182400,2026-01-17,Thẻ ngân hàng
ORD00051,C0217,Đặng Mỹ Mai,22,Nữ,Cần Thơ,P30258,2,178000,2026-01-17,Thẻ ngân hàng
ORD00052,C0019,Đặng Thị Hương,21,Nữ,Cần Thơ,P30257,1,89000,2026-01-17,Tiền mặt
ORD00053,C0335,Dương Ngọc Mai,40,Nữ,Cần Thơ,P29691,4,596000,2026-01-17,COD
ORD00054,C0308,Phạm Mỹ Ánh,24,Nữ,TP. Hồ Chí Minh,P29765,1,184500,2026-01-18,Tiền mặt
ORD00055,C0038,Phạm Thu Dương,18,Nữ,Cần Thơ,P14056,1,31600,2026-01-19,Tiền mặt
ORD00056,C0066,Trần Mỹ Hồng,44,Nữ,TP. Hồ Chí Minh,P25499,1,249000,2026-01-19,COD
ORD00057,C0066,Trần Mỹ Hồng,44,Nữ,TP. Hồ Chí Minh,P25459,1,58000,2026-01-19,Thẻ ngân hàng
ORD00058,C0105,Trần Minh Quang,28,Nam,Hà Nội,P17506,2,96000,2026-01-19,COD
ORD00059,C0128,Bùi Thu Yến,24,Nữ,Hải Phòng,P17556,1,171000,2026-01-19,Tiền mặt
ORD00060,C0014,Vũ Quốc Nam,18,Nam,Hà Nội,P22275,2,344000,2026-01-19,Ví điện tử
ORD00061,C0219,Trần Quốc Quang,25,Nam,TP. Hồ Chí Minh,P17513,1,40800,2026-01-20,Ví điện tử
ORD00062,C0166,Hoàng Văn Trọng,34,Nam,TP. Hồ Chí Minh,P20101,1,36000,2026-01-20,COD
ORD00063,C0191,Trần Minh Hoàng,26,Nam,Hải Phòng,P03877,1,85000,2026-01-20,Ví điện tử
ORD00064,C0127,Trần Minh Hưng,20,Nam,TP. Hồ Chí Minh,P30258,3,267000,2026-01-20,Thẻ ngân hàng
ORD00065,C0165,Hoàng Mỹ Mai,40,Nữ,TP. Hồ Chí Minh,P20102,4,144000,2026-01-20,Ví điện tử
ORD00066,C0120,Dương Hữu Quang,38,Nam,TP. Hồ Chí Minh,P17499,1,57800,2026-01-21,Thẻ ngân hàng
ORD00067,C0132,Mai Quốc Bảo,31,Nam,TP. Hồ Chí Minh,P26023,2,220000,2026-01-21,Ví điện tử
ORD00068,C0350,Phạm Quốc Bảo,28,Nam,TP. Hồ Chí Minh,P07423,4,700000,2026-01-21,COD
ORD00069,C0111,Trần Ngọc Yến,18,Nữ,Đà Nẵng,OL00014,4,475200,2026-01-21,Thẻ ngân hàng
ORD00070,C0158,Mai Thu Lan,35,Nữ,TP. Hồ Chí Minh,P07609,4,198000,2026-01-21,Ví điện tử
ORD00071,C0296,Mai Thu Chi,23,Nữ,Hải Phòng,P14041,1,61000,2026-01-21,Tiền mặt
ORD00072,C0218,Phạm Mỹ Dương,28,Nữ,TP. Hồ Chí Minh,P26099,3,336000,2026-01-21,Tiền mặt
ORD00073,C0149,Bùi Hữu Tùng,35,Nam,Hải Phòng,P09600,3,81000,2026-01-22,Tiền mặt
ORD00074,C0061,Dương Thị Hương,25,Nữ,Hà Nội,P25734,3,627000,2026-01-22,COD
ORD00075,C0144,Bùi Thị Xuân,32,Nữ,TP. Hồ Chí Minh,P17551,1,64000,2026-01-23,Tiền mặt
ORD00076,C0114,Nguyễn Quốc Dũng,55,Nam,Cần Thơ,P25967,1,127600,2026-01-23,Ví điện tử
ORD00077,C0052,Bùi Văn Bảo,26,Nam,TP. Hồ Chí Minh,P22673,2,624000,2026-01-24,COD
ORD00078,C0242,Mai Ngọc Linh,29,Nữ,Hải Phòng,P22886,4,939600,2026-01-24,Thẻ ngân hàng
ORD00079,C0091,Trần Quốc Châu,31,Nam,TP. Hồ Chí Minh,P17507,2,130000,2026-01-25,COD
ORD00080,C0109,Phạm Ngọc Duyên,33,Nữ,Hà Nội,P18066,1,59000,2026-01-25,COD
ORD00081,C0278,Trần Thu Thảo,24,Nữ,TP. Hồ Chí Minh,P03305,1,103000,2026-01-25,Thẻ ngân hàng
ORD00082,C0143,Dương Hữu Trung,18,Nam,Hà Nội,P10952,1,39500,2026-01-25,Ví điện tử
ORD00083,C0022,Đặng Mỹ Duyên,28,Nữ,TP. Hồ Chí Minh,P18838,1,147000,2026-01-26,COD
ORD00084,C0197,Đặng Thị Mai,21,Nữ,Hải Phòng,P30702,1,45000,2026-01-26,Tiền mặt
ORD00085,C0093,Mai Thu Vi,23,Nữ,Hà Nội,P08280,1,22000,2026-01-26,COD
ORD00086,C0199,Dương Thị Thảo,31,Nữ,TP. Hồ Chí Minh,P12848,1,189660,2026-01-26,Thẻ ngân hàng
ORD00087,C0304,Mai Mỹ Hồng,36,Nữ,TP. Hồ Chí Minh,P01562,1,88200,2026-01-27,Thẻ ngân hàng
ORD00088,C0042,Phạm Minh Phúc,32,Nam,TP. Hồ Chí Minh,P30259,2,178000,2026-01-27,COD
ORD00089,C0023,Vũ Văn Hưng,31,Nam,TP. Hồ Chí Minh,P11518,4,217600,2026-01-28,Ví điện tử
ORD00090,C0276,Phạm Quốc Minh,35,Nam,Đà Nẵng,P11350,1,31000,2026-01-28,COD
ORD00091,C0249,Bùi Mỹ Duyên,48,Nữ,TP. Hồ Chí Minh,P04801,2,20000,2026-01-28,Ví điện tử
ORD00092,C0347,Dương Ngọc Lan,18,Nữ,TP. Hồ Chí Minh,P18203,1,46000,2026-01-28,Tiền mặt
ORD00093,C0033,Phạm Ngọc Ánh,30,Nữ,Hà Nội,P03649,2,135880,2026-01-29,COD
ORD00094,C0249,Bùi Mỹ Duyên,48,Nữ,TP. Hồ Chí Minh,P03251,1,26000,2026-01-29,Ví điện tử
ORD00095,C0186,Lê Văn Bảo,37,Nam,Hà Nội,P20503,1,73000,2026-01-30,Thẻ ngân hàng
ORD00096,C0219,Trần Quốc Quang,25,Nam,TP. Hồ Chí Minh,P14242,1,63000,2026-01-30,Ví điện tử
ORD00097,C0197,Đặng Thị Mai,21,Nữ,Hải Phòng,P11365,1,56250,2026-01-30,Tiền mặt
ORD00098,C0140,Nguyễn Quốc Vũ,18,Nam,TP. Hồ Chí Minh,P30403,2,225700,2026-01-30,Ví điện tử
ORD00099,C0130,Trần Mỹ Mai,25,Nữ,Hải Phòng,P25734,1,209000,2026-01-30,Tiền mặt
ORD00100,C0253,Nguyễn Minh Huy,51,Nam,Hà Nội,P20092,2,115200,2026-01-31,Tiền mặt
ORD00101,C0111,Trần Ngọc Yến,18,Nữ,Đà Nẵng,P30897,1,77600,2026-01-31,Thẻ ngân hàng
ORD00102,C0151,Phạm Ngọc Thảo,33,Nữ,Cần Thơ,P11374,2,95200,2026-02-01,Ví điện tử
ORD00103,C0212,Mai Mỹ Lan,41,Nữ,Đà Nẵng,P27882,1,47000,2026-02-01,COD
ORD00104,C0007,Nguyễn Thị Hương,46,Nữ,Đà Nẵng,P23563,1,215000,2026-02-01,Ví điện tử
ORD00105,C0345,Trần Quốc Huy,25,Nam,TP. Hồ Chí Minh,P30092,1,40940,2026-02-03,COD
ORD00106,C0272,Bùi Văn Nhiên,18,Nam,Hà Nội,P03875,2,180600,2026-02-03,Thẻ ngân hàng
ORD00107,C0250,Mai Quốc Tú,34,Nam,Đà Nẵng,P10412,4,76000,2026-02-04,Ví điện tử
ORD00108,C0281,Phạm Thu Dương,31,Nữ,Hải Phòng,P26099,3,336000,2026-02-04,Tiền mặt
ORD00109,C0111,Trần Ngọc Yến,18,Nữ,Đà Nẵng,P29095,1,39000,2026-02-04,Tiền mặt
ORD00110,C0223,Phạm Thị Ánh,37,Nữ,Hà Nội,P10977,1,352000,2026-02-04,Thẻ ngân hàng
ORD00111,C0069,Vũ Quốc Tùng,34,Nam,Cần Thơ,P02195,4,86400,2026-02-05,Thẻ ngân hàng
ORD00112,C0159,Nguyễn Minh Minh,18,Nam,TP. Hồ Chí Minh,P11334,3,86400,2026-02-05,Thẻ ngân hàng
ORD00113,C0277,Dương Minh Phúc,32,Nam,Hà Nội,P10953,3,141000,2026-02-05,COD
ORD00114,C0085,Đặng Quốc Châu,22,Nam,TP. Hồ Chí Minh,P18994,1,215000,2026-02-05,COD
ORD00115,C0032,Vũ Thu Hương,49,Nữ,TP. Hồ Chí Minh,P28072,2,118000,2026-02-06,Ví điện tử
ORD00116,C0250,Mai Quốc Tú,34,Nam,Đà Nẵng,P30109,4,1120000,2026-02-07,COD
ORD00117,C0131,Phạm Hữu Trung,18,Nam,TP. Hồ Chí Minh,P19284,1,175000,2026-02-07,Tiền mặt
ORD00118,C0162,Trần Mỹ Dương,38,Nữ,Đà Nẵng,P10953,1,47000,2026-02-07,Thẻ ngân hàng
ORD00119,C0156,Nguyễn Hữu Nhiên,23,Nam,Hà Nội,P07555,3,117000,2026-02-07,Tiền mặt
ORD00120,C0157,Dương Quốc Minh,49,Nam,TP. Hồ Chí Minh,P03864,1,92000,2026-02-07,Tiền mặt
ORD00121,C0328,Bùi Ngọc Chi,38,Nữ,Hà Nội,P23014,3,113400,2026-02-08,COD
ORD00122,C0087,Đặng Mỹ Xuân,39,Nữ,Hà Nội,P14041,1,61000,2026-02-08,Tiền mặt
ORD00123,C0316,Mai Thị Hương,30,Nữ,TP. Hồ Chí Minh,P25487,1,140250,2026-02-08,Thẻ ngân hàng
ORD00124,C0168,Trần Thu Hồng,49,Nữ,TP. Hồ Chí Minh,P13640,5,180000,2026-02-08,Ví điện tử
ORD00125,C0209,Trần Văn Hoàng,35,Nam,Đà Nẵng,P22138,1,64000,2026-02-08,Ví điện tử
ORD00126,C0012,Bùi Mỹ Mai,25,Nữ,Hà Nội,P12966,2,369000,2026-02-09,Thẻ ngân hàng
ORD00127,C0158,Mai Thu Lan,35,Nữ,TP. Hồ Chí Minh,P03305,1,103000,2026-02-09,Thẻ ngân hàng
ORD00128,C0234,Dương Mỹ Linh,23,Nữ,Hà Nội,P28162,2,398000,2026-02-10,Tiền mặt
ORD00129,C0220,Mai Minh Huy,31,Nam,TP. Hồ Chí Minh,P10952,2,79000,2026-02-10,COD
ORD00130,C0080,Hoàng Văn Trung,18,Nam,TP. Hồ Chí Minh,P28944,4,378000,2026-02-10,COD
ORD00131,C0260,Vũ Thu Vân,38,Nữ,TP. Hồ Chí Minh,P22140,2,67080,2026-02-10,COD
ORD00132,C0067,Bùi Quốc Trọng,29,Nam,TP. Hồ Chí Minh,P04214,1,106000,2026-02-10,Tiền mặt
ORD00133,C0212,Mai Mỹ Lan,41,Nữ,Đà Nẵng,P29689,3,447000,2026-02-10,Ví điện tử
ORD00134,C0053,Lê Minh Anh,23,Nam,TP. Hồ Chí Minh,P16878,1,18000,2026-02-11,Ví điện tử
ORD00135,C0157,Dương Quốc Minh,49,Nam,TP. Hồ Chí Minh,P03306,2,164800,2026-02-11,Tiền mặt
ORD00136,C0127,Trần Minh Hưng,20,Nam,TP. Hồ Chí Minh,P13420,3,183000,2026-02-11,Ví điện tử
ORD00137,C0108,Hoàng Hữu Tùng,32,Nam,Hà Nội,P12977,1,147200,2026-02-11,COD
ORD00138,C0109,Phạm Ngọc Duyên,33,Nữ,Hà Nội,P12633,1,21500,2026-02-11,Tiền mặt
ORD00139,C0259,Đặng Quốc Tú,34,Nam,TP. Hồ Chí Minh,P10953,5,235000,2026-02-11,Ví điện tử
ORD00140,C0246,Nguyễn Mỹ Hương,27,Nữ,Cần Thơ,P21168,2,490000,2026-02-11,Ví điện tử
ORD00141,C0201,Bùi Thu Ánh,34,Nữ,TP. Hồ Chí Minh,P27321,1,111000,2026-02-12,Ví điện tử
ORD00142,C0282,Vũ Hữu Quang,37,Nam,TP. Hồ Chí Minh,P17762,3,75000,2026-02-12,Ví điện tử
ORD00143,C0142,Bùi Mỹ Chi,43,Nữ,TP. Hồ Chí Minh,P11349,4,148000,2026-02-12,Tiền mặt
ORD00144,C0303,Dương Thu Duyên,37,Nữ,Hải Phòng,P03492,3,135150,2026-02-12,COD
ORD00145,C0205,Lê Thu Yến,18,Nữ,Cần Thơ,P21171,2,50000,2026-02-12,Ví điện tử
ORD00146,C0222,Lê Ngọc Xuân,18,Nữ,Đà Nẵng,P17508,1,81000,2026-02-13,Tiền mặt
ORD00147,C0229,Phạm Minh Anh,23,Nam,TP. Hồ Chí Minh,P30052,5,175000,2026-02-13,Tiền mặt
ORD00148,C0015,Lê Ngọc Yến,18,Nữ,TP. Hồ Chí Minh,P00429,1,71000,2026-02-13,Tiền mặt
ORD00149,C0055,Mai Thị Vân,40,Nữ,Cần Thơ,P18076,1,49000,2026-02-14,COD
ORD00150,C0123,Trần Thị Hương,44,Nữ,TP. Hồ Chí Minh,P18076,1,49000,2026-02-15,Thẻ ngân hàng
ORD00151,C0322,Mai Thu Chi,36,Nữ,Hà Nội,P30705,1,62500,2026-02-15,Thẻ ngân hàng
ORD00152,C0124,Bùi Mỹ Linh,18,Nữ,Hải Phòng,P12848,3,568980,2026-02-16,COD
ORD00153,C0325,Bùi Văn Thành,20,Nam,TP. Hồ Chí Minh,P07542,2,294000,2026-02-16,Ví điện tử
ORD00154,C0094,Lê Hữu Hoàng,27,Nam,Đà Nẵng,P28567,3,549000,2026-02-16,Ví điện tử
ORD00155,C0175,Vũ Thị Chi,33,Nữ,TP. Hồ Chí Minh,P09561,4,180000,2026-02-16,COD
ORD00156,C0175,Vũ Thị Chi,33,Nữ,TP. Hồ Chí Minh,P28567,2,366000,2026-02-16,Thẻ ngân hàng
ORD00157,C0262,Bùi Thu Linh,29,Nữ,Đà Nẵng,P18993,1,215000,2026-02-16,COD
ORD00158,C0290,Dương Văn Thành,24,Nam,Hà Nội,P03296,1,21000,2026-02-17,Thẻ ngân hàng
ORD00159,C0074,Lê Văn Bảo,46,Nam,Đà Nẵng,P30258,1,89000,2026-02-17,Tiền mặt
ORD00160,C0030,Trần Thu Ngọc,27,Nữ,Hà Nội,P22140,2,67080,2026-02-18,Ví điện tử
ORD00161,C0226,Nguyễn Ngọc Lan,41,Nữ,Hà Nội,P21161,3,516000,2026-02-18,Ví điện tử
ORD00162,C0317,Lê Quốc Hoàng,37,Nam,TP. Hồ Chí Minh,P28945,1,94500,2026-02-18,Ví điện tử
ORD00163,C0320,Trần Mỹ Hồng,29,Nữ,TP. Hồ Chí Minh,P04801,1,10000,2026-02-18,Thẻ ngân hàng
ORD00164,C0333,Mai Ngọc Vi,31,Nữ,Đà Nẵng,P01267,1,56700,2026-02-18,Thẻ ngân hàng
ORD00165,C0151,Phạm Ngọc Thảo,33,Nữ,Cần Thơ,P30403,1,112850,2026-02-18,Ví điện tử
ORD00166,C0240,Vũ Thu Linh,39,Nữ,TP. Hồ Chí Minh,P29767,5,445000,2026-02-18,COD
ORD00167,C0061,Dương Thị Hương,25,Nữ,Hà Nội,P29715,2,270000,2026-02-18,Ví điện tử
ORD00168,C0238,Đặng Minh Anh,32,Nam,TP. Hồ Chí Minh,P14148,2,98560,2026-02-18,Ví điện tử
ORD00169,C0015,Lê Ngọc Yến,18,Nữ,TP. Hồ Chí Minh,P15979,2,216000,2026-02-19,Thẻ ngân hàng
ORD00170,C0013,Dương Văn Nhiên,32,Nam,TP. Hồ Chí Minh,P28114,3,87000,2026-02-19,COD
ORD00171,C0265,Phạm Thu Hồng,27,Nữ,Hà Nội,P23089,3,461700,2026-02-19,Tiền mặt
ORD00172,C0200,Nguyễn Thị Hương,19,Nữ,TP. Hồ Chí Minh,P17487,4,110000,2026-02-19,COD
ORD00173,C0079,Vũ Quốc Minh,31,Nam,Cần Thơ,P26099,3,336000,2026-02-19,Ví điện tử
ORD00174,C0016,Bùi Thu Linh,24,Nữ,Hà Nội,P17495,1,69520,2026-02-20,COD
ORD00175,C0175,Vũ Thị Chi,33,Nữ,TP. Hồ Chí Minh,P03868,1,76000,2026-02-20,COD
ORD00176,C0291,Phạm Minh Hoàng,28,Nam,Đà Nẵng,P21165,1,119700,2026-02-20,COD
ORD00177,C0306,Lê Văn Châu,31,Nam,Hà Nội,P27758,1,34000,2026-02-20,Thẻ ngân hàng
ORD00178,C0260,Vũ Thu Vân,38,Nữ,TP. Hồ Chí Minh,P30052,1,35000,2026-02-21,COD
ORD00179,C0214,Nguyễn Quốc Khoa,37,Nam,Hải Phòng,P03870,1,118000,2026-02-21,COD
ORD00180,C0021,Trần Thu Linh,45,Nữ,Hà Nội,P27326,1,243000,2026-02-22,Ví điện tử
ORD00181,C0234,Dương Mỹ Linh,23,Nữ,Hà Nội,P17552,5,320000,2026-02-23,Thẻ ngân hàng
ORD00182,C0275,Dương Hữu Bảo,20,Nam,Hà Nội,P22141,1,30375,2026-02-24,Ví điện tử
ORD00183,C0315,Đặng Ngọc Xuân,43,Nữ,Hải Phòng,P18975,2,490000,2026-02-24,Tiền mặt
ORD00184,C0101,Phạm Minh Khoa,18,Nam,TP. Hồ Chí Minh,P17486,2,52000,2026-02-24,Ví điện tử
ORD00185,C0096,Lê Quốc Anh,18,Nam,TP. Hồ Chí Minh,P11371,1,41860,2026-02-25,Tiền mặt
ORD00186,C0008,Phạm Văn Quang,38,Nam,Hà Nội,P17488,1,19200,2026-02-26,Ví điện tử
ORD00187,C0164,Trần Thị Xuân,22,Nữ,TP. Hồ Chí Minh,P14296,2,120000,2026-02-26,Tiền mặt
ORD00188,C0094,Lê Hữu Hoàng,27,Nam,Đà Nẵng,P30897,5,388000,2026-02-26,Tiền mặt
ORD00189,C0032,Vũ Thu Hương,49,Nữ,TP. Hồ Chí Minh,P03491,1,40000,2026-02-27,Ví điện tử
ORD00190,C0082,Lê Văn Tùng,34,Nam,Hà Nội,P28161,1,199000,2026-02-27,COD
ORD00191,C0169,Hoàng Hữu Nhiên,28,Nam,TP. Hồ Chí Minh,P28161,1,199000,2026-02-28,Tiền mặt
ORD00192,C0057,Hoàng Minh Huy,22,Nam,TP. Hồ Chí Minh,P17554,1,187000,2026-02-28,Thẻ ngân hàng
ORD00193,C0267,Lê Thu Duyên,46,Nữ,Hà Nội,P10405,1,45900,2026-02-28,COD
ORD00194,C0312,Dương Hữu Vũ,41,Nam,TP. Hồ Chí Minh,P10956,1,45000,2026-03-01,Tiền mặt
ORD00195,C0114,Nguyễn Quốc Dũng,55,Nam,Cần Thơ,P12846,1,159000,2026-03-01,Ví điện tử
ORD00196,C0172,Đặng Thị Mai,22,Nữ,Hà Nội,P17624,1,189000,2026-03-01,COD
ORD00197,C0020,Trần Hữu Thành,18,Nam,Đà Nẵng,P10405,3,137700,2026-03-01,COD
ORD00198,C0061,Dương Thị Hương,25,Nữ,Hà Nội,P00387,2,146200,2026-03-01,Thẻ ngân hàng
ORD00199,C0346,Lê Thị Ánh,32,Nữ,Hà Nội,P24704,1,191900,2026-03-02,Tiền mặt
ORD00200,C0330,Vũ Thị Vi,36,Nữ,Hải Phòng,P11482,1,159000,2026-03-02,Thẻ ngân hàng
ORD00201,C0157,Dương Quốc Minh,49,Nam,TP. Hồ Chí Minh,P00429,1,71000,2026-03-02,COD
ORD00202,C0261,Vũ Mỹ Dương,21,Nữ,TP. Hồ Chí Minh,P15467,5,114750,2026-03-02,Thẻ ngân hàng
ORD00203,C0010,Nguyễn Minh Tùng,35,Nam,Hải Phòng,P27321,2,222000,2026-03-03,Ví điện tử
ORD00204,C0301,Mai Ngọc Vân,22,Nữ,TP. Hồ Chí Minh,P01267,3,170100,2026-03-03,Thẻ ngân hàng
ORD00205,C0277,Dương Minh Phúc,32,Nam,Hà Nội,P29767,2,178000,2026-03-03,Thẻ ngân hàng
ORD00206,C0014,Vũ Quốc Nam,18,Nam,Hà Nội,P30108,4,688000,2026-03-03,Ví điện tử
ORD00207,C0190,Mai Văn Khoa,18,Nam,Hải Phòng,P21701,3,114000,2026-03-04,Ví điện tử
ORD00208,C0204,Lê Văn Anh,41,Nam,TP. Hồ Chí Minh,P04630,4,416000,2026-03-04,Tiền mặt
ORD00209,C0336,Vũ Thị Hồng,29,Nữ,TP. Hồ Chí Minh,P28567,2,366000,2026-03-04,Tiền mặt
ORD00210,C0267,Lê Thu Duyên,46,Nữ,Hà Nội,P26099,1,112000,2026-03-04,Ví điện tử
ORD00211,C0052,Bùi Văn Bảo,26,Nam,TP. Hồ Chí Minh,P18080,3,171000,2026-03-04,Ví điện tử
ORD00212,C0110,Phạm Mỹ Ngọc,29,Nữ,TP. Hồ Chí Minh,P28114,2,58000,2026-03-05,Thẻ ngân hàng
ORD00213,C0247,Hoàng Hữu Huy,25,Nam,Cần Thơ,P03877,3,255000,2026-03-06,Thẻ ngân hàng
ORD00214,C0136,Trần Mỹ Chi,45,Nữ,TP. Hồ Chí Minh,P16878,1,18000,2026-03-06,Thẻ ngân hàng
ORD00215,C0235,Vũ Hữu Quang,51,Nam,TP. Hồ Chí Minh,P21162,4,560000,2026-03-06,Ví điện tử
ORD00216,C0158,Mai Thu Lan,35,Nữ,TP. Hồ Chí Minh,P10412,3,57000,2026-03-06,Thẻ ngân hàng
ORD00217,C0201,Bùi Thu Ánh,34,Nữ,TP. Hồ Chí Minh,P28070,1,125000,2026-03-07,Tiền mặt
ORD00218,C0337,Dương Quốc Nam,22,Nam,TP. Hồ Chí Minh,P21582,5,930000,2026-03-07,COD
ORD00219,C0336,Vũ Thị Hồng,29,Nữ,TP. Hồ Chí Minh,P03866,2,184000,2026-03-07,COD
ORD00220,C0297,Nguyễn Quốc Tùng,39,Nam,TP. Hồ Chí Minh,P10956,4,180000,2026-03-07,COD
ORD00221,C0061,Dương Thị Hương,25,Nữ,Hà Nội,P25459,1,58000,2026-03-07,Ví điện tử
ORD00222,C0251,Bùi Văn Nhiên,18,Nam,TP. Hồ Chí Minh,P25084,1,12000,2026-03-07,COD
ORD00223,C0233,Phạm Ngọc Mai,30,Nữ,TP. Hồ Chí Minh,P29978,2,435000,2026-03-08,Ví điện tử
ORD00224,C0140,Nguyễn Quốc Vũ,18,Nam,TP. Hồ Chí Minh,P25943,2,54000,2026-03-08,Thẻ ngân hàng
ORD00225,C0177,Nguyễn Hữu Bảo,30,Nam,TP. Hồ Chí Minh,P29978,1,217500,2026-03-08,Thẻ ngân hàng
ORD00226,C0197,Đặng Thị Mai,21,Nữ,Hải Phòng,P04720,1,21000,2026-03-08,Tiền mặt
ORD00227,C0096,Lê Quốc Anh,18,Nam,TP. Hồ Chí Minh,P26253,1,12500,2026-03-09,COD
ORD00228,C0034,Trần Ngọc Hồng,19,Nữ,Hà Nội,P17617,1,45000,2026-03-09,Thẻ ngân hàng
ORD00229,C0340,Lê Minh Bảo,24,Nam,TP. Hồ Chí Minh,P06300,1,64000,2026-03-09,Ví điện tử
ORD00230,C0272,Bùi Văn Nhiên,18,Nam,Hà Nội,P16681,4,314400,2026-03-09,COD
ORD00231,C0219,Trần Quốc Quang,25,Nam,TP. Hồ Chí Minh,P25083,3,37500,2026-03-09,COD
ORD00232,C0032,Vũ Thu Hương,49,Nữ,TP. Hồ Chí Minh,P01143,1,53550,2026-03-10,Ví điện tử
ORD00233,C0077,Lê Ngọc Vân,31,Nữ,Hà Nội,P10808,3,405000,2026-03-10,COD
ORD00234,C0155,Đặng Minh Hưng,33,Nam,TP. Hồ Chí Minh,P13777,4,72000,2026-03-10,COD
ORD00235,C0071,Mai Quốc Anh,34,Nam,TP. Hồ Chí Minh,P08276,2,41000,2026-03-10,Ví điện tử
ORD00236,C0120,Dương Hữu Quang,38,Nam,TP. Hồ Chí Minh,P08277,4,84240,2026-03-10,Ví điện tử
ORD00237,C0204,Lê Văn Anh,41,Nam,TP. Hồ Chí Minh,P19173,2,123200,2026-03-11,Tiền mặt
ORD00238,C0340,Lê Minh Bảo,24,Nam,TP. Hồ Chí Minh,P04214,3,318000,2026-03-11,Tiền mặt
ORD00239,C0083,Mai Mỹ Xuân,45,Nữ,TP. Hồ Chí Minh,P03819,1,55800,2026-03-11,COD
ORD00240,C0251,Bùi Văn Nhiên,18,Nam,TP. Hồ Chí Minh,P14248,3,162000,2026-03-11,COD
ORD00241,C0332,Bùi Hữu Tùng,21,Nam,Hà Nội,P17512,1,20640,2026-03-11,Tiền mặt
ORD00242,C0341,Lê Thị Duyên,22,Nữ,TP. Hồ Chí Minh,P27884,2,236800,2026-03-12,COD
ORD00243,C0151,Phạm Ngọc Thảo,33,Nữ,Cần Thơ,P00387,2,146200,2026-03-12,COD
ORD00244,C0164,Trần Thị Xuân,22,Nữ,TP. Hồ Chí Minh,P17557,2,103000,2026-03-13,COD
ORD00245,C0030,Trần Thu Ngọc,27,Nữ,Hà Nội,P06631,4,70400,2026-03-13,COD
ORD00246,C0299,Dương Quốc Hoàng,38,Nam,TP. Hồ Chí Minh,P17551,2,128000,2026-03-13,Tiền mặt
ORD00247,C0056,Vũ Ngọc Yến,39,Nữ,Cần Thơ,P18032,2,50000,2026-03-13,Ví điện tử
ORD00248,C0188,Vũ Minh Trọng,29,Nam,Hà Nội,P29186,5,355000,2026-03-13,COD
ORD00249,C0084,Nguyễn Ngọc Duyên,25,Nữ,Hải Phòng,P03868,2,152000,2026-03-14,COD
ORD00250,C0051,Phạm Hữu Châu,33,Nam,TP. Hồ Chí Minh,P11372,3,81000,2026-03-14,Ví điện tử
ORD00251,C0046,Nguyễn Quốc Quang,23,Nam,Hà Nội,P17487,1,27500,2026-03-14,Ví điện tử
ORD00252,C0297,Nguyễn Quốc Tùng,39,Nam,TP. Hồ Chí Minh,P08879,4,112000,2026-03-14,Tiền mặt
ORD00253,C0198,Vũ Minh Minh,32,Nam,Cần Thơ,P12846,1,159000,2026-03-14,Thẻ ngân hàng
ORD00254,C0007,Nguyễn Thị Hương,46,Nữ,Đà Nẵng,P25083,1,12500,2026-03-14,Ví điện tử
ORD00255,C0102,Bùi Ngọc Dương,26,Nữ,TP. Hồ Chí Minh,P23144,3,174000,2026-03-15,Thẻ ngân hàng
ORD00256,C0209,Trần Văn Hoàng,35,Nam,Đà Nẵng,P04630,4,416000,2026-03-15,Tiền mặt
ORD00257,C0121,Dương Mỹ Vi,38,Nữ,Hà Nội,P03296,3,63000,2026-03-15,Ví điện tử
ORD00258,C0163,Phạm Minh Thành,42,Nam,TP. Hồ Chí Minh,P19284,3,525000,2026-03-16,Tiền mặt
ORD00259,C0308,Phạm Mỹ Ánh,24,Nữ,TP. Hồ Chí Minh,P26598,3,293250,2026-03-16,Tiền mặt
ORD00260,C0185,Đặng Hữu Khoa,28,Nam,Cần Thơ,P04801,2,20000,2026-03-16,Tiền mặt
ORD00261,C0029,Hoàng Mỹ Mai,24,Nữ,Cần Thơ,P08280,1,22000,2026-03-16,COD
ORD00262,C0350,Phạm Quốc Bảo,28,Nam,TP. Hồ Chí Minh,P07595,3,377400,2026-03-17,COD
ORD00263,C0085,Đặng Quốc Châu,22,Nam,TP. Hồ Chí Minh,P18620,1,67500,2026-03-17,Thẻ ngân hàng
ORD00264,C0253,Nguyễn Minh Huy,51,Nam,Hà Nội,P26443,2,180000,2026-03-17,Thẻ ngân hàng
ORD00265,C0198,Vũ Minh Minh,32,Nam,Cần Thơ,P06631,3,52800,2026-03-17,Ví điện tử
ORD00266,C0079,Vũ Quốc Minh,31,Nam,Cần Thơ,P29975,1,270000,2026-03-17,Tiền mặt
ORD00267,C0013,Dương Văn Nhiên,32,Nam,TP. Hồ Chí Minh,P12638,3,81000,2026-03-17,Thẻ ngân hàng
ORD00268,C0210,Mai Mỹ Ngọc,69,Nữ,Hải Phòng,P19173,1,61600,2026-03-17,Tiền mặt
ORD00269,C0174,Lê Ngọc Dương,33,Nữ,TP. Hồ Chí Minh,P27325,3,60000,2026-03-18,Ví điện tử
ORD00270,C0162,Trần Mỹ Dương,38,Nữ,Đà Nẵng,P07598,1,124500,2026-03-18,Tiền mặt
ORD00271,C0333,Mai Ngọc Vi,31,Nữ,Đà Nẵng,P10403,1,45900,2026-03-18,Ví điện tử
ORD00272,C0063,Trần Ngọc Lan,19,Nữ,Hà Nội,P20092,2,115200,2026-03-19,Thẻ ngân hàng
ORD00273,C0119,Hoàng Thị Duyên,41,Nữ,Hà Nội,P03635,5,410000,2026-03-19,Ví điện tử
ORD00274,C0055,Mai Thị Vân,40,Nữ,Cần Thơ,P17486,4,104000,2026-03-19,Tiền mặt
ORD00275,C0098,Hoàng Thu Hồng,33,Nữ,Cần Thơ,P10956,2,90000,2026-03-20,Ví điện tử
ORD00276,C0033,Phạm Ngọc Ánh,30,Nữ,Hà Nội,P23129,1,221400,2026-03-20,Ví điện tử
ORD00277,C0099,Phạm Mỹ Xuân,30,Nữ,TP. Hồ Chí Minh,P29186,1,71000,2026-03-20,Ví điện tử
ORD00278,C0275,Dương Hữu Bảo,20,Nam,Hà Nội,P18993,1,215000,2026-03-20,Ví điện tử
ORD00279,C0140,Nguyễn Quốc Vũ,18,Nam,TP. Hồ Chí Minh,P12848,2,379320,2026-03-21,COD
ORD00280,C0112,Nguyễn Hữu Quang,30,Nam,TP. Hồ Chí Minh,P29694,2,578000,2026-03-22,Tiền mặt
ORD00281,C0193,Trần Quốc Tùng,32,Nam,Hải Phòng,P21165,1,119700,2026-03-22,Tiền mặt
ORD00282,C0180,Mai Thị Mai,57,Nữ,Hà Nội,P22880,1,152000,2026-03-23,Tiền mặt
ORD00283,C0186,Lê Văn Bảo,37,Nam,Hà Nội,P18080,1,57000,2026-03-23,COD
ORD00284,C0179,Trần Quốc Vũ,27,Nam,Hà Nội,P27757,2,150000,2026-03-23,Ví điện tử
ORD00285,C0127,Trần Minh Hưng,20,Nam,TP. Hồ Chí Minh,P28071,1,84000,2026-03-23,Tiền mặt
ORD00286,C0046,Nguyễn Quốc Quang,23,Nam,Hà Nội,P12629,4,260000,2026-03-23,Tiền mặt
ORD00287,C0047,Nguyễn Quốc Dũng,25,Nam,Hà Nội,P14248,1,54000,2026-03-23,Ví điện tử
ORD00288,C0239,Trần Thu Vi,23,Nữ,Hà Nội,P22141,1,30375,2026-03-24,Ví điện tử
ORD00289,C0222,Lê Ngọc Xuân,18,Nữ,Đà Nẵng,P17557,3,154500,2026-03-24,COD
ORD00290,C0202,Vũ Mỹ Ngọc,36,Nữ,TP. Hồ Chí Minh,P09749,2,136000,2026-03-25,COD
ORD00291,C0113,Trần Thị Xuân,31,Nữ,Hải Phòng,P27325,1,20000,2026-03-25,COD
ORD00292,C0203,Nguyễn Thu Linh,41,Nữ,Hà Nội,P07569,3,60000,2026-03-25,COD
ORD00293,C0035,Vũ Quốc Bảo,38,Nam,TP. Hồ Chí Minh,P06300,1,64000,2026-03-25,COD
ORD00294,C0124,Bùi Mỹ Linh,18,Nữ,Hải Phòng,OL00415,1,55000,2026-03-25,Ví điện tử
ORD00295,C0321,Bùi Mỹ Linh,31,Nữ,Cần Thơ,P30409,2,290000,2026-03-25,COD
ORD00296,C0194,Lê Ngọc Thảo,18,Nữ,Hà Nội,P03249,1,27500,2026-03-25,Tiền mặt
ORD00297,C0195,Vũ Văn Trọng,32,Nam,Hà Nội,P30257,1,89000,2026-03-26,Tiền mặt
ORD00298,C0204,Lê Văn Anh,41,Nam,TP. Hồ Chí Minh,P03870,3,354000,2026-03-26,COD
ORD00299,C0129,Đặng Mỹ Vi,31,Nữ,TP. Hồ Chí Minh,P18994,2,430000,2026-03-26,Ví điện tử
ORD00300,C0226,Nguyễn Ngọc Lan,41,Nữ,Hà Nội,P01267,3,170100,2026-03-27,Thẻ ngân hàng
ORD00301,C0316,Mai Thị Hương,30,Nữ,TP. Hồ Chí Minh,P30109,1,280000,2026-03-27,COD
ORD00302,C0184,Trần Minh Quang,35,Nam,Hà Nội,P03927,2,56000,2026-03-27,Tiền mặt
ORD00303,C0256,Phạm Ngọc Linh,25,Nữ,Hà Nội,P10521,1,211000,2026-03-27,Thẻ ngân hàng
ORD00304,C0158,Mai Thu Lan,35,Nữ,TP. Hồ Chí Minh,P30705,1,62500,2026-03-27,Thẻ ngân hàng
ORD00305,C0081,Lê Ngọc Linh,28,Nữ,Hải Phòng,P27326,2,486000,2026-03-27,Tiền mặt
ORD00306,C0040,Trần Thị Duyên,32,Nữ,Hà Nội,P29621,2,388500,2026-03-27,COD
ORD00307,C0334,Hoàng Văn Quang,23,Nam,TP. Hồ Chí Minh,P11374,4,190400,2026-03-28,COD
ORD00308,C0337,Dương Quốc Nam,22,Nam,TP. Hồ Chí Minh,P30403,5,564250,2026-03-28,Thẻ ngân hàng
ORD00309,C0221,Hoàng Thu Yến,53,Nữ,Đà Nẵng,P03635,1,82000,2026-03-28,Ví điện tử
ORD00310,C0178,Hoàng Hữu Nhiên,45,Nam,Hà Nội,P09561,2,90000,2026-03-28,COD
ORD00311,C0186,Lê Văn Bảo,37,Nam,Hà Nội,P04869,1,72000,2026-03-29,Thẻ ngân hàng
ORD00312,C0227,Đặng Mỹ Vi,31,Nữ,TP. Hồ Chí Minh,P00248,2,120000,2026-03-30,Tiền mặt
ORD00313,C0252,Phạm Thị Thảo,39,Nữ,Hà Nội,P21582,2,372000,2026-03-30,Ví điện tử
ORD00314,C0045,Phạm Minh Dũng,18,Nam,Hà Nội,P29618,1,195300,2026-03-30,COD
ORD00315,C0001,Trần Thu Ngọc,35,Nữ,TP. Hồ Chí Minh,P29592,1,18000,2026-03-30,Ví điện tử
ORD00316,C0318,Phạm Ngọc Hồng,27,Nữ,Hải Phòng,P21165,1,119700,2026-03-31,Ví điện tử
ORD00317,C0142,Bùi Mỹ Chi,43,Nữ,TP. Hồ Chí Minh,P17959,4,1080400,2026-03-31,Thẻ ngân hàng
ORD00318,C0204,Lê Văn Anh,41,Nam,TP. Hồ Chí Minh,P18303,3,201000,2026-03-31,Thẻ ngân hàng
ORD00319,C0051,Phạm Hữu Châu,33,Nam,TP. Hồ Chí Minh,P21701,2,76000,2026-03-31,Thẻ ngân hàng
ORD00320,C0038,Phạm Thu Dương,18,Nữ,Cần Thơ,P18838,1,147000,2026-03-31,Thẻ ngân hàng
ORD00321,C0050,Hoàng Quốc Dũng,18,Nam,TP. Hồ Chí Minh,P25084,1,12000,2026-03-31,Tiền mặt
ORD00322,C0339,Bùi Mỹ Yến,34,Nữ,Hà Nội,P29767,1,89000,2026-03-31,Ví điện tử
ORD00323,C0180,Mai Thị Mai,57,Nữ,Hà Nội,P02195,1,21600,2026-04-01,Ví điện tử
ORD00324,C0254,Nguyễn Ngọc Vân,40,Nữ,TP. Hồ Chí Minh,P07424,1,143650,2026-04-02,Tiền mặt
ORD00325,C0217,Đặng Mỹ Mai,22,Nữ,Cần Thơ,P27850,1,40000,2026-04-02,Thẻ ngân hàng
ORD00326,C0227,Đặng Mỹ Vi,31,Nữ,TP. Hồ Chí Minh,P11369,2,180000,2026-04-02,COD
ORD00327,C0177,Nguyễn Hữu Bảo,30,Nam,TP. Hồ Chí Minh,P24071,3,93000,2026-04-03,Thẻ ngân hàng
ORD00328,C0018,Phạm Mỹ Vi,33,Nữ,Hà Nội,P03491,2,80000,2026-04-03,Ví điện tử
ORD00329,C0018,Phạm Mỹ Vi,33,Nữ,Hà Nội,P23129,1,221400,2026-04-03,COD
ORD00330,C0219,Trần Quốc Quang,25,Nam,TP. Hồ Chí Minh,P22888,1,122000,2026-04-03,COD
ORD00331,C0027,Mai Minh Khoa,18,Nam,TP. Hồ Chí Minh,P17617,2,90000,2026-04-05,Ví điện tử
ORD00332,C0346,Lê Thị Ánh,32,Nữ,Hà Nội,P30408,1,174000,2026-04-05,COD
ORD00333,C0228,Bùi Mỹ Vi,19,Nữ,Đà Nẵng,P10953,1,47000,2026-04-06,Ví điện tử
ORD00334,C0230,Lê Thị Vi,37,Nữ,TP. Hồ Chí Minh,P04630,1,104000,2026-04-07,COD
ORD00335,C0168,Trần Thu Hồng,49,Nữ,TP. Hồ Chí Minh,P20089,3,90000,2026-04-07,COD
ORD00336,C0235,Vũ Hữu Quang,51,Nam,TP. Hồ Chí Minh,P03250,2,51000,2026-04-07,COD
ORD00337,C0350,Phạm Quốc Bảo,28,Nam,TP. Hồ Chí Minh,P25487,5,701250,2026-04-08,Thẻ ngân hàng
ORD00338,C0018,Phạm Mỹ Vi,33,Nữ,Hà Nội,P20503,1,73000,2026-04-08,Thẻ ngân hàng
ORD00339,C0333,Mai Ngọc Vi,31,Nữ,Đà Nẵng,P30896,3,232800,2026-04-08,Thẻ ngân hàng
ORD00340,C0250,Mai Quốc Tú,34,Nam,Đà Nẵng,P00244,1,60000,2026-04-08,Tiền mặt
ORD00341,C0343,Bùi Minh Nhiên,32,Nam,Hà Nội,P29621,2,388500,2026-04-09,Ví điện tử
ORD00342,C0227,Đặng Mỹ Vi,31,Nữ,TP. Hồ Chí Minh,P28945,1,94500,2026-04-09,Ví điện tử
ORD00343,C0307,Dương Quốc Anh,43,Nam,TP. Hồ Chí Minh,P23563,2,430000,2026-04-09,Ví điện tử
ORD00344,C0056,Vũ Ngọc Yến,39,Nữ,Cần Thơ,P04694,1,27000,2026-04-10,Thẻ ngân hàng
ORD00345,C0006,Bùi Thu Ngọc,28,Nữ,TP. Hồ Chí Minh,P25943,1,27000,2026-04-10,COD
ORD00346,C0078,Trần Ngọc Ánh,27,Nữ,TP. Hồ Chí Minh,P24604,4,179220,2026-04-10,Thẻ ngân hàng
ORD00347,C0212,Mai Mỹ Lan,41,Nữ,Đà Nẵng,P18126,1,102000,2026-04-10,COD
ORD00348,C0238,Đặng Minh Anh,32,Nam,TP. Hồ Chí Minh,P03875,2,180600,2026-04-11,Tiền mặt
ORD00349,C0038,Phạm Thu Dương,18,Nữ,Cần Thơ,P30966,3,120000,2026-04-11,Thẻ ngân hàng
ORD00350,C0141,Phạm Ngọc Lan,32,Nữ,Đà Nẵng,P25106,1,84000,2026-04-11,COD
ORD00351,C0338,Bùi Mỹ Linh,27,Nữ,Đà Nẵng,P30259,2,178000,2026-04-11,COD
ORD00352,C0269,Bùi Thị Vân,26,Nữ,Hà Nội,P22141,1,30375,2026-04-11,COD
ORD00353,C0242,Mai Ngọc Linh,29,Nữ,Hải Phòng,P03715,2,156000,2026-04-11,Ví điện tử
ORD00354,C0070,Nguyễn Quốc Tú,24,Nam,Hà Nội,P30705,2,125000,2026-04-12,Ví điện tử
ORD00355,C0155,Đặng Minh Hưng,33,Nam,TP. Hồ Chí Minh,P17555,1,191000,2026-04-12,COD
ORD00356,C0322,Mai Thu Chi,36,Nữ,Hà Nội,P12629,4,260000,2026-04-12,COD
ORD00357,C0221,Hoàng Thu Yến,53,Nữ,Đà Nẵng,P17538,2,40000,2026-04-12,Ví điện tử
ORD00358,C0269,Bùi Thị Vân,26,Nữ,Hà Nội,P17527,1,90950,2026-04-12,COD
ORD00359,C0231,Trần Quốc Thành,23,Nam,TP. Hồ Chí Minh,P30409,4,580000,2026-04-12,COD
ORD00360,C0049,Trần Ngọc Mai,33,Nữ,Đà Nẵng,P01562,1,88200,2026-04-12,Tiền mặt
ORD00361,C0152,Phạm Thị Ngọc,33,Nữ,Hà Nội,P26598,2,195500,2026-04-13,Ví điện tử
ORD00362,C0149,Bùi Hữu Tùng,35,Nam,Hải Phòng,P16878,1,18000,2026-04-13,COD
ORD00363,C0251,Bùi Văn Nhiên,18,Nam,TP. Hồ Chí Minh,P03306,1,82400,2026-04-14,Thẻ ngân hàng
ORD00364,C0215,Đặng Ngọc Xuân,27,Nữ,Đà Nẵng,P03723,1,110000,2026-04-14,COD
ORD00365,C0141,Phạm Ngọc Lan,32,Nữ,Đà Nẵng,P17618,3,281520,2026-04-14,COD
ORD00366,C0192,Vũ Quốc Tú,39,Nam,TP. Hồ Chí Minh,P03870,1,118000,2026-04-15,Tiền mặt
ORD00367,C0028,Hoàng Minh Quang,34,Nam,Đà Nẵng,P08277,3,63180,2026-04-15,Thẻ ngân hàng
ORD00368,C0089,Nguyễn Quốc Quang,25,Nam,Hà Nội,P12843,1,44000,2026-04-15,Tiền mặt
ORD00369,C0016,Bùi Thu Linh,24,Nữ,Hà Nội,P21170,1,25000,2026-04-16,Thẻ ngân hàng
ORD00370,C0331,Bùi Ngọc Ánh,30,Nữ,Hải Phòng,P17786,2,798400,2026-04-16,COD
ORD00371,C0344,Hoàng Minh Nam,25,Nam,TP. Hồ Chí Minh,P23563,2,430000,2026-04-16,Ví điện tử
ORD00372,C0320,Trần Mỹ Hồng,29,Nữ,TP. Hồ Chí Minh,P17507,2,130000,2026-04-16,Tiền mặt
ORD00373,C0102,Bùi Ngọc Dương,26,Nữ,TP. Hồ Chí Minh,P18208,3,249000,2026-04-16,COD
ORD00374,C0213,Bùi Ngọc Lan,40,Nữ,Cần Thơ,P27883,1,118400,2026-04-17,COD
ORD00375,C0100,Mai Thị Vi,28,Nữ,Đà Nẵng,P26443,3,270000,2026-04-17,Tiền mặt
ORD00376,C0345,Trần Quốc Huy,25,Nam,TP. Hồ Chí Minh,P30705,2,125000,2026-04-17,Ví điện tử
ORD00377,C0046,Nguyễn Quốc Quang,23,Nam,Hà Nội,P08889,1,71000,2026-04-17,Thẻ ngân hàng
ORD00378,C0285,Phạm Thu Chi,51,Nữ,TP. Hồ Chí Minh,P28567,2,366000,2026-04-17,Thẻ ngân hàng
ORD00379,C0267,Lê Thu Duyên,46,Nữ,Hà Nội,P21170,3,75000,2026-04-18,Ví điện tử
ORD00380,C0210,Mai Mỹ Ngọc,69,Nữ,Hải Phòng,P03877,2,170000,2026-04-18,Tiền mặt
ORD00381,C0289,Phạm Văn Thành,33,Nam,Hà Nội,P16681,2,157200,2026-04-18,Thẻ ngân hàng
ORD00382,C0055,Mai Thị Vân,40,Nữ,Cần Thơ,P03308,2,68400,2026-04-18,COD
ORD00383,C0314,Vũ Văn Dũng,38,Nam,Hà Nội,P21172,3,75000,2026-04-18,Thẻ ngân hàng
ORD00384,C0310,Mai Thị Chi,28,Nữ,Hải Phòng,P30409,1,145000,2026-04-19,Thẻ ngân hàng
ORD00385,C0072,Đặng Ngọc Hương,45,Nữ,Hà Nội,P08280,1,22000,2026-04-19,COD
ORD00386,C0206,Dương Văn Tùng,21,Nam,TP. Hồ Chí Minh,P10521,1,211000,2026-04-19,Tiền mặt
ORD00387,C0131,Phạm Hữu Trung,18,Nam,TP. Hồ Chí Minh,P25944,1,27000,2026-04-19,COD
ORD00388,C0033,Phạm Ngọc Ánh,30,Nữ,Hà Nội,P09749,1,68000,2026-04-19,Thẻ ngân hàng
ORD00389,C0098,Hoàng Thu Hồng,33,Nữ,Cần Thơ,P23086,2,190000,2026-04-19,Tiền mặt
ORD00390,C0030,Trần Thu Ngọc,27,Nữ,Hà Nội,P03374,2,143520,2026-04-20,COD
ORD00391,C0147,Bùi Thị Thảo,18,Nữ,Hà Nội,P29713,1,135000,2026-04-20,Thẻ ngân hàng
ORD00392,C0106,Phạm Thị Hương,34,Nữ,Hà Nội,P03832,1,97000,2026-04-20,Thẻ ngân hàng
ORD00393,C0026,Bùi Văn Vũ,31,Nam,Hà Nội,P04079,1,33500,2026-04-20,Ví điện tử
ORD00394,C0146,Bùi Văn Nam,38,Nam,TP. Hồ Chí Minh,P18209,1,59000,2026-04-21,Thẻ ngân hàng
ORD00395,C0161,Trần Minh Trọng,20,Nam,Đà Nẵng,P18205,1,28900,2026-04-21,Tiền mặt
ORD00396,C0173,Vũ Ngọc Hồng,29,Nữ,Hà Nội,P03819,1,55800,2026-04-21,Tiền mặt
ORD00397,C0043,Dương Hữu Thành,29,Nam,TP. Hồ Chí Minh,P03374,1,71760,2026-04-22,Thẻ ngân hàng
ORD00398,C0259,Đặng Quốc Tú,34,Nam,TP. Hồ Chí Minh,P01143,2,107100,2026-04-22,COD
ORD00399,C0054,Lê Thu Mai,36,Nữ,Đà Nẵng,P10076,4,369000,2026-04-22,Ví điện tử
ORD00400,C0131,Phạm Hữu Trung,18,Nam,TP. Hồ Chí Minh,P20101,4,144000,2026-04-23,COD
ORD00401,C0136,Trần Mỹ Chi,45,Nữ,TP. Hồ Chí Minh,OL00014,3,356400,2026-04-23,Thẻ ngân hàng
ORD00402,C0153,Hoàng Minh Tùng,23,Nam,Hà Nội,P29691,1,149000,2026-04-23,Thẻ ngân hàng
ORD00403,C0048,Bùi Quốc Anh,41,Nam,Hà Nội,P04214,2,212000,2026-04-23,COD
ORD00404,C0072,Đặng Ngọc Hương,45,Nữ,Hà Nội,P15244,1,104000,2026-04-23,COD
ORD00405,C0196,Phạm Ngọc Yến,34,Nữ,TP. Hồ Chí Minh,P21166,2,247500,2026-04-23,Thẻ ngân hàng
ORD00406,C0324,Phạm Thu Ánh,51,Nữ,Cần Thơ,P17557,1,51500,2026-04-24,Ví điện tử
ORD00407,C0027,Mai Minh Khoa,18,Nam,TP. Hồ Chí Minh,P08734,1,108000,2026-04-24,COD
ORD00408,C0180,Mai Thị Mai,57,Nữ,Hà Nội,P18999,3,583200,2026-04-24,COD
ORD00409,C0127,Trần Minh Hưng,20,Nam,TP. Hồ Chí Minh,P15244,2,208000,2026-04-24,COD
ORD00410,C0129,Đặng Mỹ Vi,31,Nữ,TP. Hồ Chí Minh,P26099,1,112000,2026-04-25,Tiền mặt
ORD00411,C0140,Nguyễn Quốc Vũ,18,Nam,TP. Hồ Chí Minh,P27856,1,139000,2026-04-25,Ví điện tử
ORD00412,C0216,Nguyễn Thu Xuân,38,Nữ,TP. Hồ Chí Minh,P18993,1,215000,2026-04-26,Tiền mặt
ORD00413,C0101,Phạm Minh Khoa,18,Nam,TP. Hồ Chí Minh,P28074,1,40000,2026-04-26,Thẻ ngân hàng
ORD00414,C0206,Dương Văn Tùng,21,Nam,TP. Hồ Chí Minh,P27884,2,236800,2026-04-26,Ví điện tử
ORD00415,C0007,Nguyễn Thị Hương,46,Nữ,Đà Nẵng,P03877,1,85000,2026-04-26,Ví điện tử
ORD00416,C0340,Lê Minh Bảo,24,Nam,TP. Hồ Chí Minh,P00596,1,84150,2026-04-27,Ví điện tử
ORD00417,C0252,Phạm Thị Thảo,39,Nữ,Hà Nội,P09749,3,204000,2026-04-27,Tiền mặt
ORD00418,C0161,Trần Minh Trọng,20,Nam,Đà Nẵng,P30408,1,174000,2026-04-27,Ví điện tử
ORD00419,C0170,Mai Văn Dũng,22,Nam,Hà Nội,P23056,2,550000,2026-04-27,Tiền mặt
ORD00420,C0278,Trần Thu Thảo,24,Nữ,TP. Hồ Chí Minh,P12836,1,37000,2026-04-27,Tiền mặt
ORD00421,C0047,Nguyễn Quốc Dũng,25,Nam,Hà Nội,P00890,3,708000,2026-04-27,Tiền mặt
ORD00422,C0327,Nguyễn Hữu Nhiên,42,Nam,Đà Nẵng,P27323,4,88000,2026-04-27,COD
ORD00423,C0111,Trần Ngọc Yến,18,Nữ,Đà Nẵng,P03864,1,92000,2026-04-27,Thẻ ngân hàng
ORD00424,C0076,Vũ Quốc Minh,38,Nam,TP. Hồ Chí Minh,P01143,1,53550,2026-04-28,COD
ORD00425,C0153,Hoàng Minh Tùng,23,Nam,Hà Nội,P18993,3,645000,2026-04-28,Ví điện tử
ORD00426,C0243,Nguyễn Thị Hương,35,Nữ,Hải Phòng,P29619,2,390600,2026-04-28,Tiền mặt
ORD00427,C0260,Vũ Thu Vân,38,Nữ,TP. Hồ Chí Minh,P02195,2,43200,2026-04-28,Tiền mặt
ORD00428,C0099,Phạm Mỹ Xuân,30,Nữ,TP. Hồ Chí Minh,P29595,4,72000,2026-04-28,COD
ORD00429,C0182,Lê Mỹ Xuân,21,Nữ,Hà Nội,P28807,3,204000,2026-04-28,COD
ORD00430,C0225,Lê Quốc Huy,25,Nam,TP. Hồ Chí Minh,P18999,1,194400,2026-04-28,Ví điện tử
ORD00431,C0278,Trần Thu Thảo,24,Nữ,TP. Hồ Chí Minh,P12629,1,65000,2026-04-29,Tiền mặt
ORD00432,C0064,Lê Mỹ Vi,18,Nữ,Hà Nội,P07620,3,165000,2026-04-29,Ví điện tử
ORD00433,C0106,Phạm Thị Hương,34,Nữ,Hà Nội,P17762,1,25000,2026-04-29,COD
ORD00434,C0042,Phạm Minh Phúc,32,Nam,TP. Hồ Chí Minh,P22141,5,151875,2026-04-29,Ví điện tử
ORD00435,C0123,Trần Thị Hương,44,Nữ,TP. Hồ Chí Minh,P37398,3,102000,2026-04-30,Tiền mặt
ORD00436,C0243,Nguyễn Thị Hương,35,Nữ,Hải Phòng,P07609,1,49500,2026-04-30,Ví điện tử
ORD00437,C0125,Bùi Quốc Huy,36,Nam,Đà Nẵng,P09749,2,136000,2026-04-30,COD
ORD00438,C0042,Phạm Minh Phúc,32,Nam,TP. Hồ Chí Minh,P01267,2,113400,2026-04-30,Thẻ ngân hàng
ORD00439,C0309,Vũ Thị Vi,35,Nữ,Hải Phòng,P03250,3,76500,2026-05-01,COD
ORD00440,C0239,Trần Thu Vi,23,Nữ,Hà Nội,P17506,1,48000,2026-05-01,COD
ORD00441,C0238,Đặng Minh Anh,32,Nam,TP. Hồ Chí Minh,P21701,1,38000,2026-05-01,Ví điện tử
ORD00442,C0085,Đặng Quốc Châu,22,Nam,TP. Hồ Chí Minh,P24704,1,191900,2026-05-01,Tiền mặt
ORD00443,C0166,Hoàng Văn Trọng,34,Nam,TP. Hồ Chí Minh,P25490,1,119000,2026-05-01,Tiền mặt
ORD00444,C0286,Hoàng Thị Ánh,18,Nữ,TP. Hồ Chí Minh,P07598,1,124500,2026-05-02,Thẻ ngân hàng
ORD00445,C0238,Đặng Minh Anh,32,Nam,TP. Hồ Chí Minh,P23014,1,37800,2026-05-02,Thẻ ngân hàng
ORD00446,C0282,Vũ Hữu Quang,37,Nam,TP. Hồ Chí Minh,P00248,2,120000,2026-05-04,Ví điện tử
ORD00447,C0226,Nguyễn Ngọc Lan,41,Nữ,Hà Nội,P17555,1,191000,2026-05-04,Thẻ ngân hàng
ORD00448,C0243,Nguyễn Thị Hương,35,Nữ,Hải Phòng,P08276,2,41000,2026-05-04,Thẻ ngân hàng
ORD00449,C0348,Nguyễn Minh Anh,18,Nam,Hà Nội,P10956,2,90000,2026-05-04,COD
ORD00450,C0181,Mai Ngọc Thảo,36,Nữ,TP. Hồ Chí Minh,P26443,1,90000,2026-05-04,COD
ORD00451,C0097,Mai Ngọc Ánh,33,Nữ,Đà Nẵng,P27851,2,80000,2026-05-04,Tiền mặt
ORD00452,C0120,Dương Hữu Quang,38,Nam,TP. Hồ Chí Minh,P12633,2,43000,2026-05-05,Thẻ ngân hàng
ORD00453,C0265,Phạm Thu Hồng,27,Nữ,Hà Nội,P18975,1,245000,2026-05-05,COD
ORD00454,C0324,Phạm Thu Ánh,51,Nữ,Cần Thơ,P07424,1,143650,2026-05-05,Ví điện tử
ORD00455,C0024,Dương Minh Tùng,18,Nam,Hà Nội,P03870,2,236000,2026-05-05,COD
ORD00456,C0035,Vũ Quốc Bảo,38,Nam,TP. Hồ Chí Minh,P03249,1,27500,2026-05-06,Tiền mặt
ORD00457,C0317,Lê Quốc Hoàng,37,Nam,TP. Hồ Chí Minh,P03374,2,143520,2026-05-06,Ví điện tử
ORD00458,C0290,Dương Văn Thành,24,Nam,Hà Nội,P27882,2,94000,2026-05-07,Tiền mặt
ORD00459,C0231,Trần Quốc Thành,23,Nam,TP. Hồ Chí Minh,P07609,3,148500,2026-05-07,Ví điện tử
ORD00460,C0127,Trần Minh Hưng,20,Nam,TP. Hồ Chí Minh,P10076,3,276750,2026-05-07,COD
ORD00461,C0056,Vũ Ngọc Yến,39,Nữ,Cần Thơ,P20092,3,172800,2026-05-07,Tiền mặt
ORD00462,C0053,Lê Minh Anh,23,Nam,TP. Hồ Chí Minh,P10969,3,214200,2026-05-07,COD
ORD00463,C0045,Phạm Minh Dũng,18,Nam,Hà Nội,P27321,1,111000,2026-05-08,Thẻ ngân hàng
ORD00464,C0039,Vũ Mỹ Yến,18,Nữ,Hải Phòng,P20102,1,36000,2026-05-08,Tiền mặt
ORD00465,C0071,Mai Quốc Anh,34,Nam,TP. Hồ Chí Minh,P03925,3,99000,2026-05-08,Thẻ ngân hàng
ORD00466,C0064,Lê Mỹ Vi,18,Nữ,Hà Nội,P18077,2,190000,2026-05-08,COD
ORD00467,C0069,Vũ Quốc Tùng,34,Nam,Cần Thơ,P17508,1,81000,2026-05-09,Ví điện tử
ORD00468,C0291,Phạm Minh Hoàng,28,Nam,Đà Nẵng,P11374,2,95200,2026-05-09,Ví điện tử
ORD00469,C0331,Bùi Ngọc Ánh,30,Nữ,Hải Phòng,P29594,2,22000,2026-05-09,Tiền mặt
ORD00470,C0121,Dương Mỹ Vi,38,Nữ,Hà Nội,P30109,3,840000,2026-05-09,Ví điện tử
ORD00471,C0046,Nguyễn Quốc Quang,23,Nam,Hà Nội,P17519,3,631200,2026-05-09,Tiền mặt
ORD00472,C0051,Phạm Hữu Châu,33,Nam,TP. Hồ Chí Minh,P24604,1,44805,2026-05-09,Ví điện tử
ORD00473,C0211,Đặng Minh Nhiên,36,Nam,Hải Phòng,P12848,4,758640,2026-05-10,Thẻ ngân hàng
ORD00474,C0129,Đặng Mỹ Vi,31,Nữ,TP. Hồ Chí Minh,P14248,1,54000,2026-05-10,Thẻ ngân hàng
ORD00475,C0127,Trần Minh Hưng,20,Nam,TP. Hồ Chí Minh,P03732,1,60000,2026-05-10,COD
ORD00476,C0115,Trần Mỹ Vân,28,Nữ,Hải Phòng,P03819,3,167400,2026-05-10,Tiền mặt
ORD00477,C0083,Mai Mỹ Xuân,45,Nữ,TP. Hồ Chí Minh,P22275,1,172000,2026-05-10,Thẻ ngân hàng
ORD00478,C0276,Phạm Quốc Minh,35,Nam,Đà Nẵng,P30409,4,580000,2026-05-10,Thẻ ngân hàng
ORD00479,C0116,Phạm Thu Thảo,33,Nữ,TP. Hồ Chí Minh,P10970,1,70000,2026-05-11,Thẻ ngân hàng
ORD00480,C0062,Nguyễn Thị Ánh,28,Nữ,Hà Nội,P03868,1,76000,2026-05-11,COD
ORD00481,C0266,Bùi Thu Dương,18,Nữ,TP. Hồ Chí Minh,P20106,2,105000,2026-05-11,Tiền mặt
ORD00482,C0219,Trần Quốc Quang,25,Nam,TP. Hồ Chí Minh,P10808,2,270000,2026-05-12,Tiền mặt
ORD00483,C0306,Lê Văn Châu,31,Nam,Hà Nội,P03829,1,115000,2026-05-12,COD
ORD00484,C0349,Bùi Ngọc Linh,23,Nữ,Hà Nội,P01562,1,88200,2026-05-12,COD
ORD00485,C0059,Đặng Hữu Quang,33,Nam,Hà Nội,P00326,1,18000,2026-05-12,Thẻ ngân hàng
ORD00486,C0345,Trần Quốc Huy,25,Nam,TP. Hồ Chí Minh,P30109,4,1120000,2026-05-12,COD
ORD00487,C0269,Bùi Thị Vân,26,Nữ,Hà Nội,P25490,2,238000,2026-05-13,Thẻ ngân hàng
ORD00488,C0346,Lê Thị Ánh,32,Nữ,Hà Nội,P16883,1,18000,2026-05-13,Thẻ ngân hàng
ORD00489,C0176,Đặng Hữu Vũ,38,Nam,Hà Nội,P24607,2,84000,2026-05-13,Tiền mặt
ORD00490,C0133,Lê Ngọc Hồng,19,Nữ,Cần Thơ,P04450,1,120000,2026-05-13,COD
ORD00491,C0264,Mai Quốc Hoàng,20,Nam,TP. Hồ Chí Minh,P17958,2,540200,2026-05-14,COD
ORD00492,C0057,Hoàng Minh Huy,22,Nam,TP. Hồ Chí Minh,P17520,4,825600,2026-05-14,COD
ORD00493,C0106,Phạm Thị Hương,34,Nữ,Hà Nội,P11334,1,28800,2026-05-14,Ví điện tử
ORD00494,C0044,Vũ Quốc Tùng,27,Nam,TP. Hồ Chí Minh,P19807,1,71000,2026-05-15,Ví điện tử
ORD00495,C0213,Bùi Ngọc Lan,40,Nữ,Cần Thơ,P09121,1,122000,2026-05-16,COD
ORD00496,C0342,Mai Hữu Nam,32,Nam,TP. Hồ Chí Minh,P10808,1,135000,2026-05-16,Thẻ ngân hàng
ORD00497,C0136,Trần Mỹ Chi,45,Nữ,TP. Hồ Chí Minh,P18620,2,135000,2026-05-16,Thẻ ngân hàng
ORD00498,C0273,Hoàng Ngọc Dương,42,Nữ,Hà Nội,P17538,1,20000,2026-05-16,COD
ORD00499,C0037,Đặng Ngọc Linh,32,Nữ,Hà Nội,P30966,4,160000,2026-05-16,Ví điện tử
ORD00500,C0102,Bùi Ngọc Dương,26,Nữ,TP. Hồ Chí Minh,P01547,1,32200,2026-05-16,Thẻ ngân hàng
ORD00501,C0216,Nguyễn Thu Xuân,38,Nữ,TP. Hồ Chí Minh,P17552,2,128000,2026-05-16,COD
ORD00502,C0018,Phạm Mỹ Vi,33,Nữ,Hà Nội,P03715,1,78000,2026-05-16,COD
ORD00503,C0054,Lê Thu Mai,36,Nữ,Đà Nẵng,P17557,1,51500,2026-05-17,Thẻ ngân hàng
ORD00504,C0255,Mai Mỹ Dương,18,Nữ,Cần Thơ,P08889,2,142000,2026-05-17,Thẻ ngân hàng
ORD00505,C0147,Bùi Thị Thảo,18,Nữ,Hà Nội,P18078,5,315000,2026-05-18,COD
ORD00506,C0027,Mai Minh Khoa,18,Nam,TP. Hồ Chí Minh,P22673,2,624000,2026-05-18,COD
ORD00507,C0154,Nguyễn Mỹ Yến,32,Nữ,Hà Nội,P30052,2,70000,2026-05-18,COD
ORD00508,C0156,Nguyễn Hữu Nhiên,23,Nam,Hà Nội,P08353,1,84000,2026-05-18,COD
ORD00509,C0287,Trần Ngọc Chi,28,Nữ,Hải Phòng,P27856,1,139000,2026-05-18,Thẻ ngân hàng
ORD00510,C0196,Phạm Ngọc Yến,34,Nữ,TP. Hồ Chí Minh,P27757,2,150000,2026-05-19,Ví điện tử
ORD00511,C0118,Mai Mỹ Lan,18,Nữ,Cần Thơ,P10408,1,32000,2026-05-19,COD
ORD00512,C0323,Bùi Mỹ Ngọc,22,Nữ,Hà Nội,P17556,3,513000,2026-05-20,Tiền mặt
ORD00513,C0033,Phạm Ngọc Ánh,30,Nữ,Hà Nội,P10766,2,20000,2026-05-21,Ví điện tử
ORD00514,C0171,Vũ Thị Mai,21,Nữ,TP. Hồ Chí Minh,P22880,3,456000,2026-05-21,Thẻ ngân hàng
ORD00515,C0003,Phạm Văn Hoàng,36,Nam,TP. Hồ Chí Minh,P25492,3,447000,2026-05-21,Ví điện tử
ORD00516,C0313,Vũ Minh Quang,38,Nam,TP. Hồ Chí Minh,P30966,2,80000,2026-05-21,COD
ORD00517,C0110,Phạm Mỹ Ngọc,29,Nữ,TP. Hồ Chí Minh,P00596,3,252450,2026-05-21,Tiền mặt
ORD00518,C0158,Mai Thu Lan,35,Nữ,TP. Hồ Chí Minh,P18076,2,98000,2026-05-22,Tiền mặt
ORD00519,C0061,Dương Thị Hương,25,Nữ,Hà Nội,P24071,3,93000,2026-05-22,COD
ORD00520,C0041,Lê Thu Vân,37,Nữ,Hà Nội,P17487,1,27500,2026-05-22,Tiền mặt
ORD00521,C0113,Trần Thị Xuân,31,Nữ,Hải Phòng,P18209,1,59000,2026-05-22,Ví điện tử
ORD00522,C0328,Bùi Ngọc Chi,38,Nữ,Hà Nội,P18999,1,194400,2026-05-22,Tiền mặt
ORD00523,C0322,Mai Thu Chi,36,Nữ,Hà Nội,P17557,2,103000,2026-05-22,Ví điện tử
ORD00524,C0283,Phạm Thu Lan,46,Nữ,TP. Hồ Chí Minh,P18209,1,59000,2026-05-22,Thẻ ngân hàng
ORD00525,C0272,Bùi Văn Nhiên,18,Nam,Hà Nội,P12977,2,294400,2026-05-23,Tiền mặt
ORD00526,C0216,Nguyễn Thu Xuân,38,Nữ,TP. Hồ Chí Minh,P30966,4,160000,2026-05-23,COD
ORD00527,C0202,Vũ Mỹ Ngọc,36,Nữ,TP. Hồ Chí Minh,P23803,4,232000,2026-05-23,Thẻ ngân hàng
ORD00528,C0238,Đặng Minh Anh,32,Nam,TP. Hồ Chí Minh,P23795,3,1148760,2026-05-23,Tiền mặt
ORD00529,C0134,Lê Thu Thảo,35,Nữ,TP. Hồ Chí Minh,P03491,3,120000,2026-05-23,Thẻ ngân hàng
ORD00530,C0142,Bùi Mỹ Chi,43,Nữ,TP. Hồ Chí Minh,P12836,1,37000,2026-05-23,COD
ORD00531,C0208,Nguyễn Quốc Tú,35,Nam,Cần Thơ,P27756,2,150000,2026-05-23,COD
ORD00532,C0011,Phạm Minh Tùng,25,Nam,Hà Nội,P29227,1,119000,2026-05-23,COD
ORD00533,C0043,Dương Hữu Thành,29,Nam,TP. Hồ Chí Minh,P29713,1,135000,2026-05-24,Tiền mặt
ORD00534,C0027,Mai Minh Khoa,18,Nam,TP. Hồ Chí Minh,P20093,2,210000,2026-05-24,Ví điện tử
ORD00535,C0217,Đặng Mỹ Mai,22,Nữ,Cần Thơ,P37331,1,75650,2026-05-24,Ví điện tử
ORD00536,C0211,Đặng Minh Nhiên,36,Nam,Hải Phòng,P25487,3,420750,2026-05-24,Thẻ ngân hàng
ORD00537,C0086,Nguyễn Minh Tú,25,Nam,Đà Nẵng,P19173,1,61600,2026-05-25,Ví điện tử
ORD00538,C0124,Bùi Mỹ Linh,18,Nữ,Hải Phòng,P13420,2,122000,2026-05-25,COD
ORD00539,C0033,Phạm Ngọc Ánh,30,Nữ,Hà Nội,P21170,1,25000,2026-05-26,Thẻ ngân hàng
ORD00540,C0189,Mai Văn Nam,22,Nam,TP. Hồ Chí Minh,P28161,2,398000,2026-05-26,Thẻ ngân hàng
ORD00541,C0019,Đặng Thị Hương,21,Nữ,Cần Thơ,P27855,1,139000,2026-05-26,Tiền mặt
ORD00542,C0230,Lê Thị Vi,37,Nữ,TP. Hồ Chí Minh,P29714,3,405000,2026-05-26,Ví điện tử
ORD00543,C0102,Bùi Ngọc Dương,26,Nữ,TP. Hồ Chí Minh,P03680,2,182000,2026-05-26,Thẻ ngân hàng
ORD00544,C0142,Bùi Mỹ Chi,43,Nữ,TP. Hồ Chí Minh,P03374,2,143520,2026-05-26,Thẻ ngân hàng
ORD00545,C0151,Phạm Ngọc Thảo,33,Nữ,Cần Thơ,P13421,1,115000,2026-05-26,COD
ORD00546,C0156,Nguyễn Hữu Nhiên,23,Nam,Hà Nội,P03649,1,67940,2026-05-27,Ví điện tử
ORD00547,C0107,Đặng Hữu Nam,49,Nam,Cần Thơ,P15466,1,27000,2026-05-27,COD
ORD00548,C0090,Hoàng Hữu Vũ,35,Nam,Hà Nội,P29716,1,135000,2026-05-27,Thẻ ngân hàng
ORD00549,C0202,Vũ Mỹ Ngọc,36,Nữ,TP. Hồ Chí Minh,P11374,2,95200,2026-05-27,COD
ORD00550,C0234,Dương Mỹ Linh,23,Nữ,Hà Nội,P04720,1,21000,2026-05-27,Thẻ ngân hàng
ORD00551,C0102,Bùi Ngọc Dương,26,Nữ,TP. Hồ Chí Minh,P07056,4,352800,2026-05-28,Tiền mặt
ORD00552,C0038,Phạm Thu Dương,18,Nữ,Cần Thơ,P18066,5,295000,2026-05-28,Thẻ ngân hàng
ORD00553,C0145,Nguyễn Quốc Phúc,33,Nam,TP. Hồ Chí Minh,P20106,1,52500,2026-05-28,Tiền mặt
ORD00554,C0214,Nguyễn Quốc Khoa,37,Nam,Hải Phòng,P29620,1,194250,2026-05-28,Tiền mặt
ORD00555,C0221,Hoàng Thu Yến,53,Nữ,Đà Nẵng,P27756,2,150000,2026-05-29,Thẻ ngân hàng
ORD00556,C0338,Bùi Mỹ Linh,27,Nữ,Đà Nẵng,P30794,2,109000,2026-05-29,Tiền mặt
ORD00557,C0310,Mai Thị Chi,28,Nữ,Hải Phòng,P14296,1,60000,2026-05-29,Thẻ ngân hàng
ORD00558,C0178,Hoàng Hữu Nhiên,45,Nam,Hà Nội,P10403,1,45900,2026-05-29,COD
ORD00559,C0237,Phạm Thu Hồng,18,Nữ,Cần Thơ,P03926,3,105000,2026-05-29,Ví điện tử
ORD00560,C0081,Lê Ngọc Linh,28,Nữ,Hải Phòng,P29186,4,284000,2026-05-29,Thẻ ngân hàng
ORD00561,C0284,Nguyễn Hữu Hưng,18,Nam,Hà Nội,P18193,1,74400,2026-05-29,COD
ORD00562,C0136,Trần Mỹ Chi,45,Nữ,TP. Hồ Chí Minh,P29691,1,149000,2026-05-29,COD
ORD00563,C0104,Mai Thu Chi,22,Nữ,Cần Thơ,P25498,1,249000,2026-05-29,Thẻ ngân hàng
ORD00564,C0126,Dương Văn Hưng,52,Nam,Hà Nội,P08280,2,44000,2026-05-30,Tiền mặt
ORD00565,C0036,Đặng Mỹ Lan,18,Nữ,Hải Phòng,P16681,2,157200,2026-05-30,Tiền mặt
ORD00566,C0261,Vũ Mỹ Dương,21,Nữ,TP. Hồ Chí Minh,P03307,1,29600,2026-05-30,Thẻ ngân hàng
ORD00567,C0054,Lê Thu Mai,36,Nữ,Đà Nẵng,P12633,1,21500,2026-05-30,COD
ORD00568,C0344,Hoàng Minh Nam,25,Nam,TP. Hồ Chí Minh,P04695,1,22000,2026-05-30,Ví điện tử
ORD00569,C0108,Hoàng Hữu Tùng,32,Nam,Hà Nội,P22899,2,580000,2026-05-31,Ví điện tử
ORD00570,C0132,Mai Quốc Bảo,31,Nam,TP. Hồ Chí Minh,P25083,3,37500,2026-05-31,Thẻ ngân hàng
ORD00571,C0316,Mai Thị Hương,30,Nữ,TP. Hồ Chí Minh,P27325,2,40000,2026-05-31,Ví điện tử
ORD00572,C0291,Phạm Minh Hoàng,28,Nam,Đà Nẵng,P17520,2,412800,2026-06-01,COD
ORD00573,C0283,Phạm Thu Lan,46,Nữ,TP. Hồ Chí Minh,P22141,2,60750,2026-06-01,Tiền mặt
ORD00574,C0064,Lê Mỹ Vi,18,Nữ,Hà Nội,P05528,2,76000,2026-06-01,Tiền mặt
ORD00575,C0004,Trần Minh Tùng,45,Nam,TP. Hồ Chí Minh,P30406,1,192500,2026-06-01,Thẻ ngân hàng
ORD00576,C0067,Bùi Quốc Trọng,29,Nam,TP. Hồ Chí Minh,P30406,2,385000,2026-06-01,Ví điện tử
ORD00577,C0258,Đặng Minh Trọng,23,Nam,TP. Hồ Chí Minh,P25498,1,249000,2026-06-01,COD
ORD00578,C0216,Nguyễn Thu Xuân,38,Nữ,TP. Hồ Chí Minh,P08353,1,84000,2026-06-02,Thẻ ngân hàng
ORD00579,C0068,Dương Hữu Minh,40,Nam,TP. Hồ Chí Minh,P12848,1,189660,2026-06-02,Ví điện tử
ORD00580,C0038,Phạm Thu Dương,18,Nữ,Cần Thơ,P10952,2,79000,2026-06-02,COD
ORD00581,C0188,Vũ Minh Trọng,29,Nam,Hà Nội,P28959,2,38000,2026-06-02,COD
ORD00582,C0021,Trần Thu Linh,45,Nữ,Hà Nội,P25944,1,27000,2026-06-03,COD
ORD00583,C0151,Phạm Ngọc Thảo,33,Nữ,Cần Thơ,P29716,5,675000,2026-06-03,COD
ORD00584,C0115,Trần Mỹ Vân,28,Nữ,Hải Phòng,P10411,3,171000,2026-06-03,Ví điện tử
ORD00585,C0249,Bùi Mỹ Duyên,48,Nữ,TP. Hồ Chí Minh,P17958,2,540200,2026-06-03,Thẻ ngân hàng
ORD00586,C0110,Phạm Mỹ Ngọc,29,Nữ,TP. Hồ Chí Minh,P29593,1,20000,2026-06-03,Ví điện tử
ORD00587,C0303,Dương Thu Duyên,37,Nữ,Hải Phòng,P30408,2,348000,2026-06-03,Thẻ ngân hàng
ORD00588,C0185,Đặng Hữu Khoa,28,Nam,Cần Thơ,P02195,1,21600,2026-06-03,COD
ORD00589,C0339,Bùi Mỹ Yến,34,Nữ,Hà Nội,P04801,1,10000,2026-06-03,Thẻ ngân hàng
ORD00590,C0291,Phạm Minh Hoàng,28,Nam,Đà Nẵng,P14056,1,31600,2026-06-04,Thẻ ngân hàng
ORD00591,C0315,Đặng Ngọc Xuân,43,Nữ,Hải Phòng,P25499,2,498000,2026-06-04,COD
ORD00592,C0117,Dương Quốc Trung,30,Nam,TP. Hồ Chí Minh,P29690,1,149000,2026-06-05,COD
ORD00593,C0187,Mai Ngọc Yến,35,Nữ,TP. Hồ Chí Minh,P10521,5,1055000,2026-06-05,Thẻ ngân hàng
ORD00594,C0327,Nguyễn Hữu Nhiên,42,Nam,Đà Nẵng,P29227,2,238000,2026-06-05,Tiền mặt
ORD00595,C0280,Đặng Ngọc Hương,26,Nữ,TP. Hồ Chí Minh,P08280,2,44000,2026-06-05,Tiền mặt
ORD00596,C0191,Trần Minh Hoàng,26,Nam,Hải Phòng,P29767,2,178000,2026-06-05,Ví điện tử
ORD00597,C0305,Mai Văn Bảo,30,Nam,Hải Phòng,P08754,1,11000,2026-06-06,Thẻ ngân hàng
ORD00598,C0312,Dương Hữu Vũ,41,Nam,TP. Hồ Chí Minh,P03880,1,81000,2026-06-06,COD
ORD00599,C0193,Trần Quốc Tùng,32,Nam,Hải Phòng,P04695,1,22000,2026-06-07,Ví điện tử
ORD00600,C0110,Phạm Mỹ Ngọc,29,Nữ,TP. Hồ Chí Minh,P00248,1,60000,2026-06-07,Tiền mặt
ORD00601,C0326,Hoàng Thị Yến,18,Nữ,Đà Nẵng,P08733,4,432000,2026-06-07,COD
ORD00602,C0100,Mai Thị Vi,28,Nữ,Đà Nẵng,P25944,3,81000,2026-06-07,COD
ORD00603,C0303,Dương Thu Duyên,37,Nữ,Hải Phòng,P21582,1,186000,2026-06-07,Thẻ ngân hàng
ORD00604,C0056,Vũ Ngọc Yến,39,Nữ,Cần Thơ,P26446,1,68640,2026-06-07,COD
ORD00605,C0286,Hoàng Thị Ánh,18,Nữ,TP. Hồ Chí Minh,P16878,4,72000,2026-06-07,COD
ORD00606,C0255,Mai Mỹ Dương,18,Nữ,Cần Thơ,P02389,2,284000,2026-06-07,Ví điện tử
ORD00607,C0346,Lê Thị Ánh,32,Nữ,Hà Nội,P20102,1,36000,2026-06-08,COD
ORD00608,C0214,Nguyễn Quốc Khoa,37,Nam,Hải Phòng,P03868,2,152000,2026-06-08,Tiền mặt
ORD00609,C0011,Phạm Minh Tùng,25,Nam,Hà Nội,P23014,5,189000,2026-06-08,Thẻ ngân hàng
ORD00610,C0222,Lê Ngọc Xuân,18,Nữ,Đà Nẵng,P17299,1,46000,2026-06-09,Thẻ ngân hàng
ORD00611,C0178,Hoàng Hữu Nhiên,45,Nam,Hà Nội,P18082,2,82000,2026-06-09,Thẻ ngân hàng
ORD00612,C0104,Mai Thu Chi,22,Nữ,Cần Thơ,P18975,1,245000,2026-06-09,Tiền mặt
ORD00613,C0305,Mai Văn Bảo,30,Nam,Hải Phòng,P10953,1,47000,2026-06-09,Ví điện tử
ORD00614,C0097,Mai Ngọc Ánh,33,Nữ,Đà Nẵng,P06300,1,64000,2026-06-09,Tiền mặt
ORD00615,C0163,Phạm Minh Thành,42,Nam,TP. Hồ Chí Minh,P10495,1,38250,2026-06-09,COD
ORD00616,C0256,Phạm Ngọc Linh,25,Nữ,Hà Nội,P19807,1,71000,2026-06-09,Ví điện tử
ORD00617,C0302,Hoàng Thị Linh,24,Nữ,TP. Hồ Chí Minh,P08889,2,142000,2026-06-10,Tiền mặt
ORD00618,C0319,Lê Quốc Trung,33,Nam,Đà Nẵng,P17538,1,20000,2026-06-10,Thẻ ngân hàng
ORD00619,C0093,Mai Thu Vi,23,Nữ,Hà Nội,P24071,2,62000,2026-06-10,Tiền mặt
ORD00620,C0279,Mai Văn Trọng,31,Nam,TP. Hồ Chí Minh,P30403,1,112850,2026-06-10,Thẻ ngân hàng
ORD00621,C0018,Phạm Mỹ Vi,33,Nữ,Hà Nội,P29592,1,18000,2026-06-10,Thẻ ngân hàng
ORD00622,C0182,Lê Mỹ Xuân,21,Nữ,Hà Nội,P30052,1,35000,2026-06-10,Ví điện tử
ORD00623,C0294,Bùi Văn Quang,38,Nam,Cần Thơ,P18975,1,245000,2026-06-10,COD
ORD00624,C0232,Nguyễn Minh Châu,32,Nam,Hải Phòng,P17958,2,540200,2026-06-11,COD
ORD00625,C0095,Dương Minh Tùng,26,Nam,TP. Hồ Chí Minh,P05585,2,48000,2026-06-11,Thẻ ngân hàng
ORD00626,C0128,Bùi Thu Yến,24,Nữ,Hải Phòng,P37395,4,896000,2026-06-11,Ví điện tử
ORD00627,C0236,Phạm Minh Nam,36,Nam,Đà Nẵng,P03828,2,232000,2026-06-12,Ví điện tử
ORD00628,C0026,Bùi Văn Vũ,31,Nam,Hà Nội,P03912,2,136000,2026-06-12,COD
ORD00629,C0028,Hoàng Minh Quang,34,Nam,Đà Nẵng,P04694,1,27000,2026-06-12,COD
ORD00630,C0076,Vũ Quốc Minh,38,Nam,TP. Hồ Chí Minh,P03925,1,33000,2026-06-13,Thẻ ngân hàng
ORD00631,C0272,Bùi Văn Nhiên,18,Nam,Hà Nội,P03253,2,40800,2026-06-13,Thẻ ngân hàng
ORD00632,C0119,Hoàng Thị Duyên,41,Nữ,Hà Nội,P20100,1,36000,2026-06-13,Tiền mặt
ORD00633,C0303,Dương Thu Duyên,37,Nữ,Hải Phòng,P00326,1,18000,2026-06-13,Ví điện tử
ORD00634,C0295,Lê Thị Vi,34,Nữ,Hà Nội,P08879,1,28000,2026-06-13,Tiền mặt
ORD00635,C0159,Nguyễn Minh Minh,18,Nam,TP. Hồ Chí Minh,P03680,3,273000,2026-06-13,COD
ORD00636,C0112,Nguyễn Hữu Quang,30,Nam,TP. Hồ Chí Minh,P18975,5,1225000,2026-06-13,Ví điện tử
ORD00637,C0294,Bùi Văn Quang,38,Nam,Cần Thơ,P03866,5,460000,2026-06-14,Tiền mặt
ORD00638,C0250,Mai Quốc Tú,34,Nam,Đà Nẵng,P28161,1,199000,2026-06-15,COD
ORD00639,C0048,Bùi Quốc Anh,41,Nam,Hà Nội,P30108,2,344000,2026-06-15,Ví điện tử
ORD00640,C0299,Dương Quốc Hoàng,38,Nam,TP. Hồ Chí Minh,P03819,1,55800,2026-06-16,Ví điện tử
ORD00641,C0093,Mai Thu Vi,23,Nữ,Hà Nội,P01949,1,78000,2026-06-16,Tiền mặt
ORD00642,C0284,Nguyễn Hữu Hưng,18,Nam,Hà Nội,P00429,1,71000,2026-06-16,Ví điện tử
ORD00643,C0264,Mai Quốc Hoàng,20,Nam,TP. Hồ Chí Minh,P08880,1,25000,2026-06-16,Thẻ ngân hàng
ORD00644,C0225,Lê Quốc Huy,25,Nam,TP. Hồ Chí Minh,P03305,2,206000,2026-06-16,COD
ORD00645,C0309,Vũ Thị Vi,35,Nữ,Hải Phòng,P30706,2,125000,2026-06-16,COD
ORD00646,C0196,Phạm Ngọc Yến,34,Nữ,TP. Hồ Chí Minh,P23144,1,58000,2026-06-17,Tiền mặt
ORD00647,C0079,Vũ Quốc Minh,31,Nam,Cần Thơ,P03872,1,89000,2026-06-17,COD
ORD00648,C0147,Bùi Thị Thảo,18,Nữ,Hà Nội,P25943,1,27000,2026-06-18,Ví điện tử
ORD00649,C0268,Hoàng Ngọc Thảo,18,Nữ,Hà Nội,P18977,2,500000,2026-06-18,Tiền mặt
ORD00650,C0032,Vũ Thu Hương,49,Nữ,TP. Hồ Chí Minh,P18994,3,645000,2026-06-18,Ví điện tử
ORD00651,C0149,Bùi Hữu Tùng,35,Nam,Hải Phòng,P30258,3,267000,2026-06-19,Ví điện tử
ORD00652,C0030,Trần Thu Ngọc,27,Nữ,Hà Nội,P24607,1,42000,2026-06-20,Ví điện tử
ORD00653,C0273,Hoàng Ngọc Dương,42,Nữ,Hà Nội,P17299,2,92000,2026-06-21,Tiền mặt
ORD00654,C0045,Phạm Minh Dũng,18,Nam,Hà Nội,P30963,1,39500,2026-06-21,Ví điện tử
ORD00655,C0210,Mai Mỹ Ngọc,69,Nữ,Hải Phòng,P03251,4,104000,2026-06-21,COD
ORD00656,C0115,Trần Mỹ Vân,28,Nữ,Hải Phòng,P01267,3,170100,2026-06-21,Thẻ ngân hàng
ORD00657,C0125,Bùi Quốc Huy,36,Nam,Đà Nẵng,P22138,3,192000,2026-06-21,COD
ORD00658,C0124,Bùi Mỹ Linh,18,Nữ,Hải Phòng,P03715,4,312000,2026-06-22,Tiền mặt
ORD00659,C0021,Trần Thu Linh,45,Nữ,Hà Nội,P19043,1,26000,2026-06-22,Tiền mặt
ORD00660,C0148,Dương Mỹ Thảo,18,Nữ,Hà Nội,P20102,2,72000,2026-06-22,COD
ORD00661,C0090,Hoàng Hữu Vũ,35,Nam,Hà Nội,P30258,5,445000,2026-06-22,COD
ORD00662,C0291,Phạm Minh Hoàng,28,Nam,Đà Nẵng,P21161,1,172000,2026-06-22,Thẻ ngân hàng
ORD00663,C0026,Bùi Văn Vũ,31,Nam,Hà Nội,P00387,1,73100,2026-06-22,Thẻ ngân hàng
ORD00664,C0050,Hoàng Quốc Dũng,18,Nam,TP. Hồ Chí Minh,P03866,1,92000,2026-06-23,COD
ORD00665,C0310,Mai Thị Chi,28,Nữ,Hải Phòng,P29593,4,80000,2026-06-23,Ví điện tử
ORD00666,C0016,Bùi Thu Linh,24,Nữ,Hà Nội,P21166,4,495000,2026-06-23,Tiền mặt
ORD00667,C0017,Vũ Văn Hoàng,20,Nam,Hà Nội,P28808,2,38000,2026-06-23,Thẻ ngân hàng
ORD00668,C0073,Vũ Ngọc Hồng,30,Nữ,Đà Nẵng,P17552,1,64000,2026-06-24,COD
ORD00669,C0175,Vũ Thị Chi,33,Nữ,TP. Hồ Chí Minh,P27882,1,47000,2026-06-24,COD
ORD00670,C0145,Nguyễn Quốc Phúc,33,Nam,TP. Hồ Chí Minh,P12847,4,456000,2026-06-25,Ví điện tử
ORD00671,C0274,Đặng Ngọc Chi,30,Nữ,Hà Nội,P18303,1,67000,2026-06-25,COD
ORD00672,C0292,Nguyễn Ngọc Xuân,25,Nữ,Cần Thơ,P25490,1,119000,2026-06-25,Thẻ ngân hàng
ORD00673,C0111,Trần Ngọc Yến,18,Nữ,Đà Nẵng,P14056,1,31600,2026-06-26,Tiền mặt
ORD00674,C0060,Lê Hữu Minh,40,Nam,TP. Hồ Chí Minh,P17506,1,48000,2026-06-26,Tiền mặt
ORD00675,C0165,Hoàng Mỹ Mai,40,Nữ,TP. Hồ Chí Minh,P26099,1,112000,2026-06-26,COD
ORD00676,C0165,Hoàng Mỹ Mai,40,Nữ,TP. Hồ Chí Minh,P03926,3,105000,2026-06-27,COD
ORD00677,C0323,Bùi Mỹ Ngọc,22,Nữ,Hà Nội,P01143,1,53550,2026-06-27,Thẻ ngân hàng
ORD00678,C0193,Trần Quốc Tùng,32,Nam,Hải Phòng,P11369,2,180000,2026-06-27,COD
ORD00679,C0064,Lê Mỹ Vi,18,Nữ,Hà Nội,P27323,1,22000,2026-06-27,Thẻ ngân hàng
ORD00680,C0226,Nguyễn Ngọc Lan,41,Nữ,Hà Nội,P12837,3,111000,2026-06-27,Thẻ ngân hàng
ORD00681,C0231,Trần Quốc Thành,23,Nam,TP. Hồ Chí Minh,P25967,5,638000,2026-06-28,COD
ORD00682,C0276,Phạm Quốc Minh,35,Nam,Đà Nẵng,P30794,1,54500,2026-06-29,Ví điện tử
ORD00683,C0043,Dương Hữu Thành,29,Nam,TP. Hồ Chí Minh,P25497,1,204250,2026-06-29,COD
ORD00684,C0220,Mai Minh Huy,31,Nam,TP. Hồ Chí Minh,P18065,3,177000,2026-06-30,Tiền mặt
ORD00685,C0246,Nguyễn Mỹ Hương,27,Nữ,Cần Thơ,P07542,1,147000,2026-06-30,Ví điện tử
ORD00686,C0319,Lê Quốc Trung,33,Nam,Đà Nẵng,P20092,1,57600,2026-07-01,Ví điện tử
ORD00687,C0247,Hoàng Hữu Huy,25,Nam,Cần Thơ,P04630,1,104000,2026-07-01,Thẻ ngân hàng
ORD00688,C0068,Dương Hữu Minh,40,Nam,TP. Hồ Chí Minh,P10414,2,86000,2026-07-02,Tiền mặt
ORD00689,C0139,Mai Thu Ánh,38,Nữ,Hải Phòng,P28808,3,57000,2026-07-02,COD
ORD00690,C0164,Trần Thị Xuân,22,Nữ,TP. Hồ Chí Minh,P07609,1,49500,2026-07-02,COD
ORD00691,C0074,Lê Văn Bảo,46,Nam,Đà Nẵng,P03252,3,79500,2026-07-02,Ví điện tử
ORD00692,C0298,Phạm Quốc Tú,33,Nam,Hà Nội,P13777,1,18000,2026-07-02,COD
ORD00693,C0255,Mai Mỹ Dương,18,Nữ,Cần Thơ,P09561,2,90000,2026-07-02,COD
ORD00694,C0031,Phạm Mỹ Vi,24,Nữ,Đà Nẵng,P18032,1,25000,2026-07-02,Ví điện tử
ORD00695,C0284,Nguyễn Hữu Hưng,18,Nam,Hà Nội,P19173,2,123200,2026-07-03,Thẻ ngân hàng
ORD00696,C0207,Bùi Quốc Tùng,35,Nam,TP. Hồ Chí Minh,P02389,3,426000,2026-07-03,Thẻ ngân hàng
ORD00697,C0350,Phạm Quốc Bảo,28,Nam,TP. Hồ Chí Minh,P11350,2,62000,2026-07-05,Thẻ ngân hàng
ORD00698,C0153,Hoàng Minh Tùng,23,Nam,Hà Nội,P18076,1,49000,2026-07-05,Tiền mặt
ORD00699,C0118,Mai Mỹ Lan,18,Nữ,Cần Thơ,P03374,1,71760,2026-07-05,COD
ORD00700,C0243,Nguyễn Thị Hương,35,Nữ,Hải Phòng,P08733,1,108000,2026-07-07,Thẻ ngân hàng
ORD00701,C0029,Hoàng Mỹ Mai,24,Nữ,Cần Thơ,P13421,2,230000,2026-07-07,Thẻ ngân hàng
ORD00702,C0022,Đặng Mỹ Duyên,28,Nữ,TP. Hồ Chí Minh,P18080,1,57000,2026-07-07,Tiền mặt
ORD00703,C0054,Lê Thu Mai,36,Nữ,Đà Nẵng,P01267,1,56700,2026-07-07,Thẻ ngân hàng
ORD00704,C0109,Phạm Ngọc Duyên,33,Nữ,Hà Nội,P03732,2,120000,2026-07-07,COD
ORD00705,C0235,Vũ Hữu Quang,51,Nam,TP. Hồ Chí Minh,P11349,2,74000,2026-07-07,Tiền mặt
ORD00706,C0300,Dương Thu Dương,36,Nữ,Hà Nội,P29767,1,89000,2026-07-08,Tiền mặt
ORD00707,C0280,Đặng Ngọc Hương,26,Nữ,TP. Hồ Chí Minh,P27326,5,1215000,2026-07-08,Ví điện tử
ORD00708,C0136,Trần Mỹ Chi,45,Nữ,TP. Hồ Chí Minh,P21171,2,50000,2026-07-08,Thẻ ngân hàng
ORD00709,C0128,Bùi Thu Yến,24,Nữ,Hải Phòng,P03864,2,184000,2026-07-09,Ví điện tử
ORD00710,C0138,Nguyễn Mỹ Dương,27,Nữ,Cần Thơ,P03491,5,200000,2026-07-09,COD
ORD00711,C0349,Bùi Ngọc Linh,23,Nữ,Hà Nội,P17507,3,195000,2026-07-09,Tiền mặt
ORD00712,C0272,Bùi Văn Nhiên,18,Nam,Hà Nội,P08754,1,11000,2026-07-09,COD
ORD00713,C0005,Trần Ngọc Duyên,28,Nữ,TP. Hồ Chí Minh,P03828,2,232000,2026-07-09,COD
ORD00714,C0218,Phạm Mỹ Dương,28,Nữ,TP. Hồ Chí Minh,P13363,1,31000,2026-07-09,Ví điện tử
ORD00715,C0330,Vũ Thị Vi,36,Nữ,Hải Phòng,P25498,4,996000,2026-07-10,Thẻ ngân hàng
ORD00716,C0083,Mai Mỹ Xuân,45,Nữ,TP. Hồ Chí Minh,P27883,1,118400,2026-07-10,COD
ORD00717,C0119,Hoàng Thị Duyên,41,Nữ,Hà Nội,P20089,1,30000,2026-07-10,Tiền mặt
ORD00718,C0177,Nguyễn Hữu Bảo,30,Nam,TP. Hồ Chí Minh,P01267,1,56700,2026-07-10,COD
ORD00719,C0009,Mai Quốc Trọng,25,Nam,Cần Thơ,P17550,3,231000,2026-07-10,Thẻ ngân hàng
ORD00720,C0037,Đặng Ngọc Linh,32,Nữ,Hà Nội,P29186,1,71000,2026-07-11,COD
ORD00721,C0293,Trần Mỹ Vi,24,Nữ,Hà Nội,P29693,1,289000,2026-07-11,COD
ORD00722,C0013,Dương Văn Nhiên,32,Nam,TP. Hồ Chí Minh,P18975,2,490000,2026-07-11,Thẻ ngân hàng
ORD00723,C0001,Trần Thu Ngọc,35,Nữ,TP. Hồ Chí Minh,P24071,2,62000,2026-07-11,Tiền mặt
ORD00724,C0085,Đặng Quốc Châu,22,Nam,TP. Hồ Chí Minh,P03306,2,164800,2026-07-11,COD
ORD00725,C0196,Phạm Ngọc Yến,34,Nữ,TP. Hồ Chí Minh,P12633,3,64500,2026-07-11,COD
ORD00726,C0064,Lê Mỹ Vi,18,Nữ,Hà Nội,P19043,1,26000,2026-07-11,COD
ORD00727,C0339,Bùi Mỹ Yến,34,Nữ,Hà Nội,P10970,2,140000,2026-07-13,Thẻ ngân hàng
ORD00728,C0167,Nguyễn Văn Trọng,38,Nam,TP. Hồ Chí Minh,P30409,1,145000,2026-07-14,COD
ORD00729,C0154,Nguyễn Mỹ Yến,32,Nữ,Hà Nội,P19173,1,61600,2026-07-15,COD
ORD00730,C0151,Phạm Ngọc Thảo,33,Nữ,Cần Thơ,P30968,1,29500,2026-07-15,Ví điện tử
ORD00731,C0011,Phạm Minh Tùng,25,Nam,Hà Nội,P11331,5,144000,2026-07-15,Thẻ ngân hàng
ORD00732,C0075,Nguyễn Thị Yến,18,Nữ,TP. Hồ Chí Minh,P15467,4,91800,2026-07-15,Ví điện tử
ORD00733,C0116,Phạm Thu Thảo,33,Nữ,TP. Hồ Chí Minh,P10405,1,45900,2026-07-15,Thẻ ngân hàng
ORD00734,C0235,Vũ Hữu Quang,51,Nam,TP. Hồ Chí Minh,P18209,1,59000,2026-07-15,Thẻ ngân hàng
ORD00735,C0331,Bùi Ngọc Ánh,30,Nữ,Hải Phòng,P18994,2,430000,2026-07-15,Ví điện tử
ORD00736,C0041,Lê Thu Vân,37,Nữ,Hà Nội,P17486,3,78000,2026-07-16,COD
ORD00737,C0154,Nguyễn Mỹ Yến,32,Nữ,Hà Nội,P03864,4,368000,2026-07-17,COD
ORD00738,C0048,Bùi Quốc Anh,41,Nam,Hà Nội,P11373,2,98600,2026-07-17,COD
ORD00739,C0123,Trần Thị Hương,44,Nữ,TP. Hồ Chí Minh,P10502,4,232000,2026-07-17,Ví điện tử
ORD00740,C0262,Bùi Thu Linh,29,Nữ,Đà Nẵng,P07595,1,125800,2026-07-17,COD
ORD00741,C0139,Mai Thu Ánh,38,Nữ,Hải Phòng,P30706,1,62500,2026-07-18,Tiền mặt
ORD00742,C0166,Hoàng Văn Trọng,34,Nam,TP. Hồ Chí Minh,P29593,1,20000,2026-07-18,Tiền mặt
ORD00743,C0045,Phạm Minh Dũng,18,Nam,Hà Nội,P23603,1,136000,2026-07-19,COD
ORD00744,C0318,Phạm Ngọc Hồng,27,Nữ,Hải Phòng,P28113,3,87000,2026-07-19,Thẻ ngân hàng
ORD00745,C0341,Lê Thị Duyên,22,Nữ,TP. Hồ Chí Minh,P17299,1,46000,2026-07-19,Ví điện tử
ORD00746,C0232,Nguyễn Minh Châu,32,Nam,Hải Phòng,P37331,2,151300,2026-07-20,Thẻ ngân hàng
ORD00747,C0149,Bùi Hữu Tùng,35,Nam,Hải Phòng,P18076,1,49000,2026-07-20,COD
ORD00748,C0130,Trần Mỹ Mai,25,Nữ,Hải Phòng,P26023,1,110000,2026-07-20,Tiền mặt
ORD00749,C0295,Lê Thị Vi,34,Nữ,Hà Nội,P10403,1,45900,2026-07-20,Ví điện tử
ORD00750,C0275,Dương Hữu Bảo,20,Nam,Hà Nội,P03715,3,234000,2026-07-21,Thẻ ngân hàng
ORD00751,C0224,Lê Thu Vi,18,Nữ,TP. Hồ Chí Minh,P25085,1,55000,2026-07-21,COD
ORD00752,C0225,Lê Quốc Huy,25,Nam,TP. Hồ Chí Minh,P03927,4,112000,2026-07-21,COD
ORD00753,C0333,Mai Ngọc Vi,31,Nữ,Đà Nẵng,P23056,4,1100000,2026-07-22,COD
ORD00754,C0320,Trần Mỹ Hồng,29,Nữ,TP. Hồ Chí Minh,P24705,1,182400,2026-07-22,Tiền mặt
ORD00755,C0241,Mai Văn Thành,22,Nam,TP. Hồ Chí Minh,P26099,1,112000,2026-07-22,Ví điện tử
ORD00756,C0071,Mai Quốc Anh,34,Nam,TP. Hồ Chí Minh,P30258,2,178000,2026-07-22,Thẻ ngân hàng
ORD00757,C0278,Trần Thu Thảo,24,Nữ,TP. Hồ Chí Minh,P37331,2,151300,2026-07-22,Thẻ ngân hàng
ORD00758,C0024,Dương Minh Tùng,18,Nam,Hà Nội,P10953,4,188000,2026-07-24,Ví điện tử
ORD00759,C0052,Bùi Văn Bảo,26,Nam,TP. Hồ Chí Minh,P20101,2,72000,2026-07-25,Thẻ ngân hàng
ORD00760,C0017,Vũ Văn Hoàng,20,Nam,Hà Nội,P28070,1,125000,2026-07-25,Thẻ ngân hàng
ORD00761,C0329,Nguyễn Thu Linh,36,Nữ,TP. Hồ Chí Minh,P25967,3,382800,2026-07-26,Thẻ ngân hàng
ORD00762,C0025,Trần Thu Xuân,25,Nữ,Cần Thơ,P25085,2,110000,2026-07-27,COD
ORD00763,C0169,Hoàng Hữu Nhiên,28,Nam,TP. Hồ Chí Minh,P03491,3,120000,2026-07-27,Thẻ ngân hàng
ORD00764,C0269,Bùi Thị Vân,26,Nữ,Hà Nội,P17298,2,81200,2026-07-28,Tiền mặt
ORD00765,C0195,Vũ Văn Trọng,32,Nam,Hà Nội,P23564,1,215000,2026-07-28,COD
ORD00766,C0028,Hoàng Minh Quang,34,Nam,Đà Nẵng,P00244,3,180000,2026-07-29,Tiền mặt
ORD00767,C0249,Bùi Mỹ Duyên,48,Nữ,TP. Hồ Chí Minh,P18203,2,92000,2026-07-29,Thẻ ngân hàng
ORD00768,C0015,Lê Ngọc Yến,18,Nữ,TP. Hồ Chí Minh,P07541,3,588000,2026-07-29,Thẻ ngân hàng
ORD00769,C0328,Bùi Ngọc Chi,38,Nữ,Hà Nội,OL00014,1,118800,2026-07-29,Ví điện tử
ORD00770,C0181,Mai Ngọc Thảo,36,Nữ,TP. Hồ Chí Minh,P28074,1,40000,2026-07-30,Tiền mặt
ORD00771,C0124,Bùi Mỹ Linh,18,Nữ,Hải Phòng,P29619,1,195300,2026-07-30,Thẻ ngân hàng
ORD00772,C0262,Bùi Thu Linh,29,Nữ,Đà Nẵng,P17527,1,90950,2026-07-30,COD
ORD00773,C0105,Trần Minh Quang,28,Nam,Hà Nội,P18198,2,44800,2026-07-30,Ví điện tử
ORD00774,C0010,Nguyễn Minh Tùng,35,Nam,Hải Phòng,P17535,1,212000,2026-07-31,Tiền mặt
ORD00775,C0184,Trần Minh Quang,35,Nam,Hà Nội,P23795,2,765840,2026-08-01,COD
ORD00776,C0112,Nguyễn Hữu Quang,30,Nam,TP. Hồ Chí Minh,P28161,1,199000,2026-08-01,COD
ORD00777,C0019,Đặng Thị Hương,21,Nữ,Cần Thơ,P08880,2,50000,2026-08-01,Thẻ ngân hàng
ORD00778,C0096,Lê Quốc Anh,18,Nam,TP. Hồ Chí Minh,P28071,1,84000,2026-08-01,Tiền mặt
ORD00779,C0234,Dương Mỹ Linh,23,Nữ,Hà Nội,P03864,1,92000,2026-08-01,Thẻ ngân hàng
ORD00780,C0101,Phạm Minh Khoa,18,Nam,TP. Hồ Chí Minh,P21168,1,245000,2026-08-01,Tiền mặt
ORD00781,C0153,Hoàng Minh Tùng,23,Nam,Hà Nội,P10500,1,79000,2026-08-01,Thẻ ngân hàng
ORD00782,C0189,Mai Văn Nam,22,Nam,TP. Hồ Chí Minh,P12843,1,44000,2026-08-01,Thẻ ngân hàng
ORD00783,C0251,Bùi Văn Nhiên,18,Nam,TP. Hồ Chí Minh,P26023,1,110000,2026-08-01,Thẻ ngân hàng
ORD00784,C0084,Nguyễn Ngọc Duyên,25,Nữ,Hải Phòng,P03251,1,26000,2026-08-02,COD
ORD00785,C0076,Vũ Quốc Minh,38,Nam,TP. Hồ Chí Minh,P04801,2,20000,2026-08-02,COD
ORD00786,C0080,Hoàng Văn Trung,18,Nam,TP. Hồ Chí Minh,P12638,3,81000,2026-08-02,COD
ORD00787,C0302,Hoàng Thị Linh,24,Nữ,TP. Hồ Chí Minh,P23086,1,95000,2026-08-02,Thẻ ngân hàng
ORD00788,C0270,Nguyễn Hữu Khoa,31,Nam,Hải Phòng,P12629,5,325000,2026-08-02,Ví điện tử
ORD00789,C0103,Đặng Thu Chi,27,Nữ,Đà Nẵng,P10076,1,92250,2026-08-03,Thẻ ngân hàng
ORD00790,C0200,Nguyễn Thị Hương,19,Nữ,TP. Hồ Chí Minh,P12977,1,147200,2026-08-03,Tiền mặt
ORD00791,C0308,Phạm Mỹ Ánh,24,Nữ,TP. Hồ Chí Minh,P03307,1,29600,2026-08-03,Ví điện tử
ORD00792,C0181,Mai Ngọc Thảo,36,Nữ,TP. Hồ Chí Minh,P29690,2,298000,2026-08-04,COD
ORD00793,C0057,Hoàng Minh Huy,22,Nam,TP. Hồ Chí Minh,OL00414,1,100000,2026-08-04,COD
ORD00794,C0034,Trần Ngọc Hồng,19,Nữ,Hà Nội,P03253,1,20400,2026-08-04,COD
ORD00795,C0266,Bùi Thu Dương,18,Nữ,TP. Hồ Chí Minh,P28070,3,375000,2026-08-04,Tiền mặt
ORD00796,C0259,Đặng Quốc Tú,34,Nam,TP. Hồ Chí Minh,P09561,1,45000,2026-08-05,Thẻ ngân hàng
ORD00797,C0335,Dương Ngọc Mai,40,Nữ,Cần Thơ,P03296,2,42000,2026-08-05,Ví điện tử
ORD00798,C0336,Vũ Thị Hồng,29,Nữ,TP. Hồ Chí Minh,P25085,1,55000,2026-08-06,COD
ORD00799,C0066,Trần Mỹ Hồng,44,Nữ,TP. Hồ Chí Minh,P18200,3,255000,2026-08-06,Tiền mặt
ORD00800,C0128,Bùi Thu Yến,24,Nữ,Hải Phòng,P00989,1,51200,2026-08-06,Thẻ ngân hàng
ORD00801,C0066,Trần Mỹ Hồng,44,Nữ,TP. Hồ Chí Minh,P26443,3,270000,2026-08-06,Thẻ ngân hàng
ORD00802,C0161,Trần Minh Trọng,20,Nam,Đà Nẵng,P20102,3,108000,2026-08-07,Ví điện tử
ORD00803,C0143,Dương Hữu Trung,18,Nam,Hà Nội,P12637,1,48000,2026-08-07,Ví điện tử
ORD00804,C0107,Đặng Hữu Nam,49,Nam,Cần Thơ,P29282,1,42000,2026-08-07,Tiền mặt
ORD00805,C0079,Vũ Quốc Minh,31,Nam,Cần Thơ,P18621,1,67500,2026-08-08,Thẻ ngân hàng
ORD00806,C0114,Nguyễn Quốc Dũng,55,Nam,Cần Thơ,P24071,2,62000,2026-08-08,COD
ORD00807,C0163,Phạm Minh Thành,42,Nam,TP. Hồ Chí Minh,P29767,1,89000,2026-08-08,Thẻ ngân hàng
ORD00808,C0338,Bùi Mỹ Linh,27,Nữ,Đà Nẵng,P11517,2,410000,2026-08-08,Tiền mặt
ORD00809,C0029,Hoàng Mỹ Mai,24,Nữ,Cần Thơ,P18126,3,306000,2026-08-08,COD
ORD00810,C0248,Đặng Quốc Dũng,23,Nam,Hà Nội,P21157,2,298000,2026-08-08,Thẻ ngân hàng
ORD00811,C0070,Nguyễn Quốc Tú,24,Nam,Hà Nội,P28070,4,500000,2026-08-09,Ví điện tử
ORD00812,C0026,Bùi Văn Vũ,31,Nam,Hà Nội,P17557,1,51500,2026-08-09,Ví điện tử
ORD00813,C0135,Dương Quốc Quang,21,Nam,Hải Phòng,P03635,5,410000,2026-08-09,Tiền mặt
ORD00814,C0164,Trần Thị Xuân,22,Nữ,TP. Hồ Chí Minh,P20089,2,60000,2026-08-09,Ví điện tử
ORD00815,C0321,Bùi Mỹ Linh,31,Nữ,Cần Thơ,P25492,1,149000,2026-08-10,COD
ORD00816,C0207,Bùi Quốc Tùng,35,Nam,TP. Hồ Chí Minh,P29227,1,119000,2026-08-10,Tiền mặt
ORD00817,C0332,Bùi Hữu Tùng,21,Nam,Hà Nội,P08733,1,108000,2026-08-11,COD
ORD00818,C0082,Lê Văn Tùng,34,Nam,Hà Nội,P12662,2,137000,2026-08-11,Tiền mặt
ORD00819,C0297,Nguyễn Quốc Tùng,39,Nam,TP. Hồ Chí Minh,P11374,2,95200,2026-08-11,Thẻ ngân hàng
ORD00820,C0036,Đặng Mỹ Lan,18,Nữ,Hải Phòng,P21172,1,25000,2026-08-11,Ví điện tử
ORD00821,C0056,Vũ Ngọc Yến,39,Nữ,Cần Thơ,P29185,1,63000,2026-08-12,Thẻ ngân hàng
ORD00822,C0270,Nguyễn Hữu Khoa,31,Nam,Hải Phòng,P18032,2,50000,2026-08-12,Tiền mặt
ORD00823,C0051,Phạm Hữu Châu,33,Nam,TP. Hồ Chí Minh,P17555,3,573000,2026-08-12,COD
ORD00824,C0205,Lê Thu Yến,18,Nữ,Cần Thơ,P26023,1,110000,2026-08-13,Ví điện tử
ORD00825,C0263,Bùi Minh Khoa,18,Nam,TP. Hồ Chí Minh,P12846,1,159000,2026-08-13,COD
ORD00826,C0046,Nguyễn Quốc Quang,23,Nam,Hà Nội,P23603,1,136000,2026-08-14,Thẻ ngân hàng
ORD00827,C0025,Trần Thu Xuân,25,Nữ,Cần Thơ,P17959,2,540200,2026-08-14,COD
ORD00828,C0012,Bùi Mỹ Mai,25,Nữ,Hà Nội,P13777,1,18000,2026-08-14,Thẻ ngân hàng
ORD00829,C0053,Lê Minh Anh,23,Nam,TP. Hồ Chí Minh,P03224,1,116000,2026-08-14,Ví điện tử
ORD00830,C0092,Trần Mỹ Vi,40,Nữ,TP. Hồ Chí Minh,P03912,1,68000,2026-08-15,Thẻ ngân hàng
ORD00831,C0015,Lê Ngọc Yến,18,Nữ,TP. Hồ Chí Minh,P18209,3,177000,2026-08-15,Ví điện tử
ORD00832,C0014,Vũ Quốc Nam,18,Nam,Hà Nội,P17618,2,187680,2026-08-15,COD
ORD00833,C0208,Nguyễn Quốc Tú,35,Nam,Cần Thơ,P17499,1,57800,2026-08-15,Tiền mặt
ORD00834,C0225,Lê Quốc Huy,25,Nam,TP. Hồ Chí Minh,P11331,3,86400,2026-08-15,COD
ORD00835,C0029,Hoàng Mỹ Mai,24,Nữ,Cần Thơ,P15244,1,104000,2026-08-15,Ví điện tử
ORD00836,C0129,Đặng Mỹ Vi,31,Nữ,TP. Hồ Chí Minh,P27326,1,243000,2026-08-16,COD
ORD00837,C0335,Dương Ngọc Mai,40,Nữ,Cần Thơ,P30407,1,111300,2026-08-16,Tiền mặt
ORD00838,C0131,Phạm Hữu Trung,18,Nam,TP. Hồ Chí Minh,P03306,1,82400,2026-08-16,COD
ORD00839,C0285,Phạm Thu Chi,51,Nữ,TP. Hồ Chí Minh,P07598,3,373500,2026-08-16,Tiền mặt
ORD00840,C0196,Phạm Ngọc Yến,34,Nữ,TP. Hồ Chí Minh,P18977,2,500000,2026-08-17,Ví điện tử
ORD00841,C0245,Hoàng Quốc Anh,18,Nam,TP. Hồ Chí Minh,P17958,1,270100,2026-08-17,Ví điện tử
ORD00842,C0041,Lê Thu Vân,37,Nữ,Hà Nội,P21172,1,25000,2026-08-17,Ví điện tử
ORD00843,C0349,Bùi Ngọc Linh,23,Nữ,Hà Nội,P16883,3,54000,2026-08-17,Tiền mặt
ORD00844,C0266,Bùi Thu Dương,18,Nữ,TP. Hồ Chí Minh,P18999,1,194400,2026-08-18,COD
ORD00845,C0101,Phạm Minh Khoa,18,Nam,TP. Hồ Chí Minh,P27851,1,40000,2026-08-18,Thẻ ngân hàng
ORD00846,C0011,Phạm Minh Tùng,25,Nam,Hà Nội,P17557,1,51500,2026-08-18,COD
ORD00847,C0178,Hoàng Hữu Nhiên,45,Nam,Hà Nội,P24425,1,53000,2026-08-19,Thẻ ngân hàng
ORD00848,C0257,Bùi Minh Vũ,43,Nam,TP. Hồ Chí Minh,P08888,1,82000,2026-08-19,Ví điện tử
ORD00849,C0065,Bùi Thị Duyên,38,Nữ,TP. Hồ Chí Minh,P17299,2,92000,2026-08-19,Thẻ ngân hàng
ORD00850,C0104,Mai Thu Chi,22,Nữ,Cần Thơ,P03829,2,230000,2026-08-19,COD
ORD00851,C0279,Mai Văn Trọng,31,Nam,TP. Hồ Chí Minh,P28807,2,136000,2026-08-20,Ví điện tử
ORD00852,C0236,Phạm Minh Nam,36,Nam,Đà Nẵng,P21174,1,203000,2026-08-20,Tiền mặt
ORD00853,C0154,Nguyễn Mỹ Yến,32,Nữ,Hà Nội,P03723,1,110000,2026-08-20,COD
ORD00854,C0169,Hoàng Hữu Nhiên,28,Nam,TP. Hồ Chí Minh,P17786,1,399200,2026-08-20,Thẻ ngân hàng
ORD00855,C0024,Dương Minh Tùng,18,Nam,Hà Nội,P08889,4,284000,2026-08-20,Ví điện tử
ORD00856,C0334,Hoàng Văn Quang,23,Nam,TP. Hồ Chí Minh,P03723,1,110000,2026-08-20,Tiền mặt
ORD00857,C0201,Bùi Thu Ánh,34,Nữ,TP. Hồ Chí Minh,P20503,2,146000,2026-08-20,Thẻ ngân hàng
ORD00858,C0252,Phạm Thị Thảo,39,Nữ,Hà Nội,P25498,2,498000,2026-08-21,COD
ORD00859,C0311,Phạm Ngọc Thảo,28,Nữ,Cần Thơ,P26253,4,50000,2026-08-21,Ví điện tử
ORD00860,C0244,Vũ Ngọc Lan,39,Nữ,Hải Phòng,P00244,1,60000,2026-08-21,Thẻ ngân hàng
ORD00861,C0184,Trần Minh Quang,35,Nam,Hà Nội,P29594,1,11000,2026-08-22,Tiền mặt
ORD00862,C0008,Phạm Văn Quang,38,Nam,Hà Nội,P09600,4,108000,2026-08-23,Thẻ ngân hàng
ORD00863,C0130,Trần Mỹ Mai,25,Nữ,Hải Phòng,P29621,3,582750,2026-08-23,COD
ORD00864,C0173,Vũ Ngọc Hồng,29,Nữ,Hà Nội,P18077,1,95000,2026-08-24,COD
ORD00865,C0047,Nguyễn Quốc Dũng,25,Nam,Hà Nội,P18080,1,57000,2026-08-25,Ví điện tử
ORD00866,C0140,Nguyễn Quốc Vũ,18,Nam,TP. Hồ Chí Minh,P00429,5,355000,2026-08-25,Tiền mặt
ORD00867,C0201,Bùi Thu Ánh,34,Nữ,TP. Hồ Chí Minh,P17486,1,26000,2026-08-25,Thẻ ngân hàng
ORD00868,C0122,Bùi Mỹ Mai,21,Nữ,Hải Phòng,P01267,3,170100,2026-08-26,Thẻ ngân hàng
ORD00869,C0011,Phạm Minh Tùng,25,Nam,Hà Nội,P20102,1,36000,2026-08-26,Ví điện tử
ORD00870,C0242,Mai Ngọc Linh,29,Nữ,Hải Phòng,P08378,1,10000,2026-08-26,Tiền mặt
ORD00871,C0044,Vũ Quốc Tùng,27,Nam,TP. Hồ Chí Minh,P30109,3,840000,2026-08-27,COD
ORD00872,C0233,Phạm Ngọc Mai,30,Nữ,TP. Hồ Chí Minh,P18205,2,57800,2026-08-27,COD
ORD00873,C0029,Hoàng Mỹ Mai,24,Nữ,Cần Thơ,P18774,2,206000,2026-08-27,Ví điện tử
ORD00874,C0049,Trần Ngọc Mai,33,Nữ,Đà Nẵng,P25487,2,280500,2026-08-28,COD
ORD00875,C0330,Vũ Thị Vi,36,Nữ,Hải Phòng,P29975,4,1080000,2026-08-28,Tiền mặt
ORD00876,C0178,Hoàng Hữu Nhiên,45,Nam,Hà Nội,P18774,1,103000,2026-08-29,Thẻ ngân hàng
ORD00877,C0203,Nguyễn Thu Linh,41,Nữ,Hà Nội,P30093,2,83720,2026-08-29,COD
ORD00878,C0060,Lê Hữu Minh,40,Nam,TP. Hồ Chí Minh,P03925,3,99000,2026-08-29,Thẻ ngân hàng
ORD00879,C0151,Phạm Ngọc Thảo,33,Nữ,Cần Thơ,P25499,1,249000,2026-08-30,COD
ORD00880,C0059,Đặng Hữu Quang,33,Nam,Hà Nội,P13640,2,72000,2026-08-30,Tiền mặt
ORD00881,C0121,Dương Mỹ Vi,38,Nữ,Hà Nội,P09561,3,135000,2026-08-30,COD
ORD00882,C0319,Lê Quốc Trung,33,Nam,Đà Nẵng,P08754,1,11000,2026-08-31,Thẻ ngân hàng
ORD00883,C0208,Nguyễn Quốc Tú,35,Nam,Cần Thơ,P10952,1,39500,2026-08-31,Thẻ ngân hàng
ORD00884,C0123,Trần Thị Hương,44,Nữ,TP. Hồ Chí Minh,P11372,2,54000,2026-08-31,COD
ORD00885,C0176,Đặng Hữu Vũ,38,Nam,Hà Nội,P17556,3,513000,2026-09-01,Ví điện tử
ORD00886,C0058,Hoàng Ngọc Hồng,27,Nữ,Cần Thơ,P03925,2,66000,2026-09-02,COD
ORD00887,C0347,Dương Ngọc Lan,18,Nữ,TP. Hồ Chí Minh,P23031,1,175950,2026-09-02,Thẻ ngân hàng
ORD00888,C0191,Trần Minh Hoàng,26,Nam,Hải Phòng,P07555,1,39000,2026-09-02,COD
ORD00889,C0268,Hoàng Ngọc Thảo,18,Nữ,Hà Nội,P27326,2,486000,2026-09-03,Thẻ ngân hàng
ORD00890,C0177,Nguyễn Hữu Bảo,30,Nam,TP. Hồ Chí Minh,P04801,1,10000,2026-09-03,COD
ORD00891,C0180,Mai Thị Mai,57,Nữ,Hà Nội,P18993,1,215000,2026-09-04,Ví điện tử
ORD00892,C0182,Lê Mỹ Xuân,21,Nữ,Hà Nội,P11331,1,28800,2026-09-04,COD
ORD00893,C0307,Dương Quốc Anh,43,Nam,TP. Hồ Chí Minh,P37309,1,263200,2026-09-04,COD
ORD00894,C0215,Đặng Ngọc Xuân,27,Nữ,Đà Nẵng,P23129,3,664200,2026-09-05,COD
ORD00895,C0237,Phạm Thu Hồng,18,Nữ,Cần Thơ,P17507,1,65000,2026-09-05,Ví điện tử
ORD00896,C0187,Mai Ngọc Yến,35,Nữ,TP. Hồ Chí Minh,P22138,1,64000,2026-09-05,Thẻ ngân hàng
ORD00897,C0280,Đặng Ngọc Hương,26,Nữ,TP. Hồ Chí Minh,P29766,1,184500,2026-09-05,Thẻ ngân hàng
ORD00898,C0076,Vũ Quốc Minh,38,Nam,TP. Hồ Chí Minh,P17624,1,189000,2026-09-05,Ví điện tử
ORD00899,C0086,Nguyễn Minh Tú,25,Nam,Đà Nẵng,P11369,1,90000,2026-09-06,Thẻ ngân hàng
ORD00900,C0183,Đặng Thu Xuân,19,Nữ,Hà Nội,P30257,2,178000,2026-09-07,Tiền mặt
ORD00901,C0090,Hoàng Hữu Vũ,35,Nam,Hà Nội,P03249,1,27500,2026-09-07,Thẻ ngân hàng
ORD00902,C0185,Đặng Hữu Khoa,28,Nam,Cần Thơ,P13012,1,87500,2026-09-08,Tiền mặt
ORD00903,C0014,Vũ Quốc Nam,18,Nam,Hà Nội,P27855,1,139000,2026-09-08,Tiền mặt
ORD00904,C0028,Hoàng Minh Quang,34,Nam,Đà Nẵng,P11365,2,112500,2026-09-08,COD
ORD00905,C0246,Nguyễn Mỹ Hương,27,Nữ,Cần Thơ,P07423,1,175000,2026-09-08,COD
ORD00906,C0016,Bùi Thu Linh,24,Nữ,Hà Nội,P21582,1,186000,2026-09-09,Thẻ ngân hàng
ORD00907,C0293,Trần Mỹ Vi,24,Nữ,Hà Nội,P03877,3,255000,2026-09-09,Ví điện tử
ORD00908,C0088,Vũ Mỹ Mai,33,Nữ,Hà Nội,P22886,1,234900,2026-09-09,Ví điện tử
ORD00909,C0230,Lê Thị Vi,37,Nữ,TP. Hồ Chí Minh,P28070,1,125000,2026-09-10,Ví điện tử
ORD00910,C0316,Mai Thị Hương,30,Nữ,TP. Hồ Chí Minh,P01433,3,209100,2026-09-10,COD
ORD00911,C0289,Phạm Văn Thành,33,Nam,Hà Nội,P26020,1,189000,2026-09-11,COD
ORD00912,C0331,Bùi Ngọc Ánh,30,Nữ,Hải Phòng,P22138,2,128000,2026-09-11,Tiền mặt
ORD00913,C0150,Dương Quốc Hoàng,33,Nam,Hà Nội,P21581,1,236000,2026-09-11,Ví điện tử
ORD00914,C0052,Bùi Văn Bảo,26,Nam,TP. Hồ Chí Minh,P28112,3,87000,2026-09-11,Tiền mặt
ORD00915,C0311,Phạm Ngọc Thảo,28,Nữ,Cần Thơ,P29766,3,553500,2026-09-11,Ví điện tử
ORD00916,C0078,Trần Ngọc Ánh,27,Nữ,TP. Hồ Chí Minh,P17538,2,40000,2026-09-12,Thẻ ngân hàng
ORD00917,C0044,Vũ Quốc Tùng,27,Nam,TP. Hồ Chí Minh,P15467,1,22950,2026-09-12,COD
ORD00918,C0332,Bùi Hữu Tùng,21,Nam,Hà Nội,P25487,3,420750,2026-09-12,Thẻ ngân hàng
ORD00919,C0320,Trần Mỹ Hồng,29,Nữ,TP. Hồ Chí Minh,P22183,1,190000,2026-09-13,Tiền mặt
ORD00920,C0104,Mai Thu Chi,22,Nữ,Cần Thơ,P23129,2,442800,2026-09-13,COD
ORD00921,C0200,Nguyễn Thị Hương,19,Nữ,TP. Hồ Chí Minh,P03250,1,25500,2026-09-13,Tiền mặt
ORD00922,C0350,Phạm Quốc Bảo,28,Nam,TP. Hồ Chí Minh,P22141,2,60750,2026-09-13,COD
ORD00923,C0302,Hoàng Thị Linh,24,Nữ,TP. Hồ Chí Minh,P25459,1,58000,2026-09-13,COD
ORD00924,C0271,Vũ Thu Mai,44,Nữ,TP. Hồ Chí Minh,P21169,1,245000,2026-09-14,Thẻ ngân hàng
ORD00925,C0153,Hoàng Minh Tùng,23,Nam,Hà Nội,P11377,1,49000,2026-09-15,Ví điện tử
ORD00926,C0084,Nguyễn Ngọc Duyên,25,Nữ,Hải Phòng,P17512,2,41280,2026-09-15,Ví điện tử
ORD00927,C0226,Nguyễn Ngọc Lan,41,Nữ,Hà Nội,P27882,2,94000,2026-09-15,Thẻ ngân hàng
ORD00928,C0118,Mai Mỹ Lan,18,Nữ,Cần Thơ,P03868,2,152000,2026-09-15,Tiền mặt
ORD00929,C0098,Hoàng Thu Hồng,33,Nữ,Cần Thơ,P29595,1,18000,2026-09-15,Thẻ ngân hàng
ORD00930,C0346,Lê Thị Ánh,32,Nữ,Hà Nội,P10412,1,19000,2026-09-15,Ví điện tử
ORD00931,C0109,Phạm Ngọc Duyên,33,Nữ,Hà Nội,P17527,1,90950,2026-09-15,COD
ORD00932,C0243,Nguyễn Thị Hương,35,Nữ,Hải Phòng,P10412,1,19000,2026-09-16,COD
ORD00933,C0291,Phạm Minh Hoàng,28,Nam,Đà Nẵng,P29621,1,194250,2026-09-16,Ví điện tử
ORD00934,C0195,Vũ Văn Trọng,32,Nam,Hà Nội,P12662,4,274000,2026-09-16,Tiền mặt
ORD00935,C0270,Nguyễn Hữu Khoa,31,Nam,Hải Phòng,P07598,1,124500,2026-09-16,COD
ORD00936,C0146,Bùi Văn Nam,38,Nam,TP. Hồ Chí Minh,P28162,3,597000,2026-09-17,COD
ORD00937,C0211,Đặng Minh Nhiên,36,Nam,Hải Phòng,P11334,1,28800,2026-09-17,Tiền mặt
ORD00938,C0226,Nguyễn Ngọc Lan,41,Nữ,Hà Nội,P04801,1,10000,2026-09-17,COD
ORD00939,C0158,Mai Thu Lan,35,Nữ,TP. Hồ Chí Minh,P07056,3,264600,2026-09-17,Tiền mặt
ORD00940,C0334,Hoàng Văn Quang,23,Nam,TP. Hồ Chí Minh,P30968,1,29500,2026-09-17,Ví điện tử
ORD00941,C0219,Trần Quốc Quang,25,Nam,TP. Hồ Chí Minh,P10970,1,70000,2026-09-17,Ví điện tử
ORD00942,C0286,Hoàng Thị Ánh,18,Nữ,TP. Hồ Chí Minh,P23129,3,664200,2026-09-17,Ví điện tử
ORD00943,C0166,Hoàng Văn Trọng,34,Nam,TP. Hồ Chí Minh,P14296,5,300000,2026-09-17,Tiền mặt
ORD00944,C0241,Mai Văn Thành,22,Nam,TP. Hồ Chí Minh,P17495,1,69520,2026-09-18,Ví điện tử
ORD00945,C0273,Hoàng Ngọc Dương,42,Nữ,Hà Nội,P10970,1,70000,2026-09-18,Thẻ ngân hàng
ORD00946,C0046,Nguyễn Quốc Quang,23,Nam,Hà Nội,P12843,3,132000,2026-09-18,Thẻ ngân hàng
ORD00947,C0306,Lê Văn Châu,31,Nam,Hà Nội,P17554,1,187000,2026-09-18,Thẻ ngân hàng
ORD00948,C0019,Đặng Thị Hương,21,Nữ,Cần Thơ,P17624,2,378000,2026-09-19,Thẻ ngân hàng
ORD00949,C0156,Nguyễn Hữu Nhiên,23,Nam,Hà Nội,P08277,1,21060,2026-09-19,COD
ORD00950,C0036,Đặng Mỹ Lan,18,Nữ,Hải Phòng,P10766,1,10000,2026-09-19,Tiền mặt
ORD00951,C0137,Mai Văn Tú,22,Nam,TP. Hồ Chí Minh,P18080,1,57000,2026-09-19,COD
ORD00952,C0084,Nguyễn Ngọc Duyên,25,Nữ,Hải Phòng,P03374,1,71760,2026-09-20,Tiền mặt
ORD00953,C0139,Mai Thu Ánh,38,Nữ,Hải Phòng,P18198,2,44800,2026-09-20,Tiền mặt
ORD00954,C0152,Phạm Thị Ngọc,33,Nữ,Hà Nội,P10414,1,43000,2026-09-20,COD
ORD00955,C0205,Lê Thu Yến,18,Nữ,Cần Thơ,P30258,3,267000,2026-09-20,COD
ORD00956,C0288,Bùi Minh Nhiên,36,Nam,Hà Nội,P11482,1,159000,2026-09-20,Ví điện tử
ORD00957,C0263,Bùi Minh Khoa,18,Nam,TP. Hồ Chí Minh,P20503,1,73000,2026-09-21,Thẻ ngân hàng
ORD00958,C0168,Trần Thu Hồng,49,Nữ,TP. Hồ Chí Minh,P18620,1,67500,2026-09-21,COD
ORD00959,C0130,Trần Mỹ Mai,25,Nữ,Hải Phòng,P19172,1,57200,2026-09-21,Tiền mặt
ORD00960,C0226,Nguyễn Ngọc Lan,41,Nữ,Hà Nội,P17552,4,256000,2026-09-21,Tiền mặt
ORD00961,C0144,Bùi Thị Xuân,32,Nữ,TP. Hồ Chí Minh,P21582,1,186000,2026-09-22,Tiền mặt
ORD00962,C0037,Đặng Ngọc Linh,32,Nữ,Hà Nội,P01144,4,296000,2026-09-22,Tiền mặt
ORD00963,C0141,Phạm Ngọc Lan,32,Nữ,Đà Nẵng,P03374,1,71760,2026-09-22,COD
ORD00964,C0146,Bùi Văn Nam,38,Nam,TP. Hồ Chí Minh,P18064,1,46750,2026-09-22,COD
ORD00965,C0149,Bùi Hữu Tùng,35,Nam,Hải Phòng,P18126,1,102000,2026-09-23,COD
ORD00966,C0119,Hoàng Thị Duyên,41,Nữ,Hà Nội,P21170,1,25000,2026-09-23,Tiền mặt
ORD00967,C0182,Lê Mỹ Xuân,21,Nữ,Hà Nội,P25487,1,140250,2026-09-23,Thẻ ngân hàng
ORD00968,C0224,Lê Thu Vi,18,Nữ,TP. Hồ Chí Minh,P22881,2,493000,2026-09-23,COD
ORD00969,C0068,Dương Hữu Minh,40,Nam,TP. Hồ Chí Minh,P03308,1,34200,2026-09-24,Tiền mặt
ORD00970,C0197,Đặng Thị Mai,21,Nữ,Hải Phòng,P07038,5,1050000,2026-09-24,Tiền mặt
ORD00971,C0306,Lê Văn Châu,31,Nam,Hà Nội,P25084,1,12000,2026-09-24,COD
ORD00972,C0330,Vũ Thị Vi,36,Nữ,Hải Phòng,P00596,2,168300,2026-09-24,Tiền mặt
ORD00973,C0240,Vũ Thu Linh,39,Nữ,TP. Hồ Chí Minh,P20093,3,315000,2026-09-24,Thẻ ngân hàng
ORD00974,C0231,Trần Quốc Thành,23,Nam,TP. Hồ Chí Minh,P27856,1,139000,2026-09-25,COD
ORD00975,C0232,Nguyễn Minh Châu,32,Nam,Hải Phòng,P19807,2,142000,2026-09-25,COD
ORD00976,C0265,Phạm Thu Hồng,27,Nữ,Hà Nội,P14296,2,120000,2026-09-25,COD
ORD00977,C0216,Nguyễn Thu Xuân,38,Nữ,TP. Hồ Chí Minh,P27850,1,40000,2026-09-25,Ví điện tử
ORD00978,C0304,Mai Mỹ Hồng,36,Nữ,TP. Hồ Chí Minh,P03307,1,29600,2026-09-25,COD
ORD00979,C0249,Bùi Mỹ Duyên,48,Nữ,TP. Hồ Chí Minh,P28071,1,84000,2026-09-25,COD
ORD00980,C0136,Trần Mỹ Chi,45,Nữ,TP. Hồ Chí Minh,P12837,5,185000,2026-09-25,Ví điện tử
ORD00981,C0298,Phạm Quốc Tú,33,Nam,Hà Nội,P18208,1,83000,2026-09-26,Ví điện tử
ORD00982,C0039,Vũ Mỹ Yến,18,Nữ,Hải Phòng,P11350,1,31000,2026-09-26,COD
ORD00983,C0326,Hoàng Thị Yến,18,Nữ,Đà Nẵng,P27991,1,87200,2026-09-26,Thẻ ngân hàng
ORD00984,C0089,Nguyễn Quốc Quang,25,Nam,Hà Nội,P03680,2,182000,2026-09-26,Ví điện tử
ORD00985,C0056,Vũ Ngọc Yến,39,Nữ,Cần Thơ,P30408,2,348000,2026-09-26,Thẻ ngân hàng
ORD00986,C0224,Lê Thu Vi,18,Nữ,TP. Hồ Chí Minh,P29692,2,178000,2026-09-27,COD
ORD00987,C0162,Trần Mỹ Dương,38,Nữ,Đà Nẵng,P18032,1,25000,2026-09-27,Ví điện tử
ORD00988,C0230,Lê Thị Vi,37,Nữ,TP. Hồ Chí Minh,P10495,3,114750,2026-09-27,Tiền mặt
ORD00989,C0078,Trần Ngọc Ánh,27,Nữ,TP. Hồ Chí Minh,P10412,1,19000,2026-09-27,Thẻ ngân hàng
ORD00990,C0153,Hoàng Minh Tùng,23,Nam,Hà Nội,P04214,4,424000,2026-09-28,Thẻ ngân hàng
ORD00991,C0248,Đặng Quốc Dũng,23,Nam,Hà Nội,P23056,2,550000,2026-09-28,Thẻ ngân hàng
ORD00992,C0182,Lê Mỹ Xuân,21,Nữ,Hà Nội,P14247,4,184000,2026-09-28,Tiền mặt
ORD00993,C0003,Phạm Văn Hoàng,36,Nam,TP. Hồ Chí Minh,P18080,1,57000,2026-09-28,Thẻ ngân hàng
ORD00994,C0210,Mai Mỹ Ngọc,69,Nữ,Hải Phòng,P13012,2,175000,2026-09-28,COD
ORD00995,C0103,Đặng Thu Chi,27,Nữ,Đà Nẵng,P10414,1,43000,2026-09-29,COD
ORD00996,C0159,Nguyễn Minh Minh,18,Nam,TP. Hồ Chí Minh,P10766,1,10000,2026-09-29,Thẻ ngân hàng
ORD00997,C0225,Lê Quốc Huy,25,Nam,TP. Hồ Chí Minh,P28807,2,136000,2026-09-30,Tiền mặt
ORD00998,C0269,Bùi Thị Vân,26,Nữ,Hà Nội,P21161,2,344000,2026-09-30,Thẻ ngân hàng
ORD00999,C0110,Phạm Mỹ Ngọc,29,Nữ,TP. Hồ Chí Minh,P11331,2,57600,2026-09-30,Tiền mặt
ORD01000,C0252,Phạm Thị Thảo,39,Nữ,Hà Nội,P10956,1,45000,2026-09-30,Tiền mặt
